time,stroke_usec,tick_usec,force,power,spm
377165404,0,1095457,0.016562,0,1.3
377459568,294164,52264,7.319138,7.3357,1.3
377625575,460171,36885,14.699042,22.034742,1.3
377757656,592252,31138,20.621042,42.655784,1.3
377877263,711859,29301,23.283488,65.939272,1.3
377993355,827951,28984,23.805,89.744272,1.3
378113038,947634,30693,21.229128,110.9734,1.3
378247942,1082538,35594,15.780962,126.754362,1.3
378469825,1304421,-17689,63.912818,126.754362,1.3
378534146,1368742,-15907,79.027592,126.754362,1.3
378598131,1432727,-16849,70.44845,126.754362,1.3
378669738,1504334,-19104,54.789512,126.754362,1.3
378757862,1592458,-24041,34.594562,126.754362,1.3
378869283,1703879,-31643,19.9712,126.754362,1.3
379028863,1863459,-47560,8.836808,126.754362,1.3
379312594,0,77641,3.312738,126,27.9
379499601,187007,35144,16.18805,19.500788,27.9
379625560,312966,29752,22.592642,42.09343,27.9
379738585,425991,27487,26.470088,68.563518,27.9
379847307,534713,26995,27.439232,96.00275,27.9
379954989,642395,26675,28.095008,124.097758,27.9
380062620,750026,27164,27.099522,151.19728,27.9
380176183,863589,28989,23.791202,174.988482,27.9
380412700,1100106,-16113,77.028872,174.988482,27.9
380474210,1161616,-15701,81.128322,174.988482,27.9
380541482,1228888,-18121,60.896648,174.988482,27.9
380617619,1305025,-20221,48.90605,174.988482,27.9
380707807,1395213,-24781,32.56245,174.988482,27.9
380824922,1512328,-32775,18.617202,174.988482,27.9
380983492,1670898,-46228,9.357138,174.988482,27.9
381341096,0,52144,7.349778,174,29.5
381507090,165994,35097,16.233602,23.58338,29.5
381746203,405107,28082,25.3472,71.348788,29.5
381852803,511707,26419,28.65245,100.001238,29.5
381959002,617906,26596,28.260162,128.2614,29.5
382066698,725602,27383,26.659602,154.921002,29.5
382180136,839040,28808,24.095682,179.016684,29.5
382337674,996578,-33004,18.349682,179.016684,29.5
382415665,1074569,-17299,66.8168,179.016684,29.5
382481228,1140132,-16706,71.64045,179.016684,29.5
382552598,1211502,-18924,55.841312,179.016684,29.5
382633268,1292172,-21586,42.910848,179.016684,29.5
382724396,1383300,-23911,34.978248,179.016684,29.5
382827807,1486711,-27977,25.546952,179.016684,29.5
382953943,1612847,-35440,15.916082,179.016684,29.5
383353279,0,45715,9.565938,179,29.8
383500193,146914,32381,19.071488,28.637426,29.8
383621586,268307,29298,23.297138,51.934564,29.8
383732365,379086,26418,28.65245,80.587014,29.8
383838199,484920,26228,29.062688,109.649702,29.8
383943484,590205,26324,28.849608,138.49931,29.8
384050106,696827,26883,27.661922,166.161232,29.8
384161928,808649,28514,24.598098,190.75933,29.8
384315761,962482,-37265,14.396978,190.75933,29.8
384406851,1053572,-20900,45.773312,190.75933,29.8
384486191,1132912,-19941,50.280392,190.75933,29.8
384563944,1210665,-19425,53.003808,190.75933,29.8
384641582,1288303,-20387,48.11805,190.75933,29.8
384732420,1379141,-25007,31.968008,190.75933,29.8
384851857,1498578,-33523,17.796578,190.75933,29.8
385012035,1658756,-47806,8.744562,190.75933,29.8
385350645,0,51959,7.403552,190,30
385517321,166676,36758,14.7968,22.200352,30
385651244,300599,32339,19.120928,41.32128,30
385770944,420299,28522,24.584072,65.905352,30
385880592,529947,26145,29.245952,95.151304,30
385986517,635872,26116,29.322482,124.473786,30
386091229,740584,26196,29.138978,153.612764,30
386198769,848124,27175,27.070082,180.682846,30
386351563,1000918,-28578,24.486002,180.682846,30
386420025,1069380,-15201,86.540168,180.682846,30
386477470,1126825,-14647,93.215858,180.682846,30
386540222,1189577,-16564,72.890738,180.682846,30
386611069,1260424,-18847,56.28605,180.682846,30
386690014,1339369,-20770,46.349192,180.682846,30
386781022,1430377,-24551,33.178658,180.682846,30
386896024,1545379,-32958,18.410312,180.682846,30
387235126,0,41515,11.596928,180,31.8
387373215,138089,30549,21.425058,33.021986,31.8
387484935,249809,26786,27.870578,60.892564,31.8
387585669,350543,24185,34.179912,95.072476,31.8
387679796,444670,23229,37.048832,132.121308,31.8
387772843,537717,23198,37.1522,169.273508,31.8
387866063,630937,23361,36.6368,205.910308,31.8
387961438,726312,23986,34.761122,240.67143,31.8
388196246,961120,-13916,103.24845,240.67143,31.8
388249068,1013942,-66738,4.488008,240.67143,31.8
388305709,1070583,-123379,1.3122,240.67143,31.8
388369425,1134299,-17122,68.2112,240.67143,31.8
388447393,1212267,-21363,43.8048,240.67143,31.8
388541177,1306051,-25669,30.34205,240.67143,31.8
388668737,1433611,-37866,13.9392,240.67143,31.8
388918575,0,40695,12.073698,240,35.6
389052511,133936,30338,21.727232,33.80093,35.6
389163459,244884,26796,27.840722,61.641652,35.6
389264016,345441,24283,33.915848,95.5575,35.6
389453057,534482,23536,36.091008,167.45123,35.6
389548099,629524,23946,34.877952,202.329182,35.6
389645959,727384,24691,32.805,235.134182,35.6
389913391,994816,-13767,105.502338,235.134182,35.6
389968871,1050296,-69247,4.170272,235.134182,35.6
390030819,1112244,-16301,75.251912,235.134182,35.6
390099446,1180871,-17771,63.326258,235.134182,35.6
390175621,1257046,-20450,47.804642,235.134182,35.6
390267410,1348835,-25415,30.952712,235.134182,35.6
390395656,1477081,-38815,13.271552,235.134182,35.6
390720191,0,39713,12.680648,235,33.3
390858980,138789,31430,20.237522,32.91817,33.3
390974205,254014,27853,25.7762,58.69437,33.3
391077962,357771,24965,32.08005,90.77442,33.3
391175007,454816,24045,34.577928,125.352348,33.3
391270685,550494,23778,35.36405,160.716398,33.3
391464566,744375,24721,32.72405,228.168226,33.3
391696326,976135,-17755,63.438848,228.168226,33.3
391757504,1037313,-15077,87.966848,228.168226,33.3
391820407,1100216,-16660,72.048008,228.168226,33.3
391890282,1170091,-18310,59.645042,228.168226,33.3
391962607,1242416,-18584,57.8888,228.168226,33.3
392039439,1319248,-20127,49.362048,228.168226,33.3
392130850,1410659,-25460,30.842658,228.168226,33.3
392257425,1537234,-37211,14.439938,228.168226,33.3
392550164,0,40528,12.172178,228,32.7
392691722,141558,31917,19.631378,31.803556,32.7
392809036,258872,28536,24.556032,56.359588,32.7
392916221,366057,25798,30.046752,86.40634,32.7
393016130,465966,24656,32.88605,119.29239,32.7
393113566,563402,24234,34.047752,153.340142,32.7
393210794,660630,24428,33.505298,186.84544,32.7
393310245,760081,25053,31.856162,218.701602,32.7
393415130,864966,27747,25.963218,244.66482,32.7
393497635,947471,-82505,2.937888,244.66482,32.7
393574801,1024637,-14876,90.370568,244.66482,32.7
393626628,1076464,-66703,4.494002,244.66482,32.7
393676550,1126386,-116625,1.468898,244.66482,32.7
393975725,1425561,-29002,23.777408,244.66482,32.7
394118269,1568105,-43984,10.333058,244.66482,32.7
394391504,0,52354,7.2962,244,32.5
394540865,149361,33892,17.405,24.7012,32.5
394662743,271239,28928,23.887872,48.589072,32.5
394771378,379874,26053,29.460488,78.04956,32.5
394871195,479691,24723,32.707872,110.757432,32.5
394969850,578346,24562,33.146082,143.903514,32.5
395069283,677779,24993,32.016002,175.919516,32.5
395171977,780473,26021,29.537298,205.456814,32.5
395439837,1048333,-69708,4.112712,205.456814,32.5
395488461,1096957,-118332,1.42805,205.456814,32.5
395539009,1147505,-168880,0.700928,205.456814,32.5
395593225,1201721,-223096,0.401408,205.456814,32.5
395657092,1265588,-17549,64.934408,205.456814,32.5
395738841,1347337,-22908,38.10645,205.456814,32.5
395853662,1462158,-33934,17.357832,205.456814,32.5
396177829,0,39622,12.731058,205,33.5
396315895,138066,31368,20.313938,33.044996,33.5
396431587,253758,28013,25.475522,58.520518,33.5
396535866,358037,25213,31.458312,89.97883,33.5
396634094,456265,24319,33.817088,123.795918,33.5
396731507,553678,24215,34.097282,157.8932,33.5
396829204,651375,24541,33.194952,191.088152,33.5
396929727,751898,25407,30.96845,222.056602,33.5
397212686,1034857,-13476,110.1128,222.056602,33.5
397262843,1085014,-63633,4.936082,222.056602,33.5
397313329,1135500,-114119,1.534752,222.056602,33.5
397368428,1190599,-169218,0.6962,222.056602,33.5
397434032,1256203,-17705,63.799808,222.056602,33.5
397517468,1339639,-23570,35.989128,222.056602,33.5
397636995,1459166,-35799,15.601698,222.056602,33.5
397951813,0,39189,13.015202,222,33.8
398085697,133884,30271,21.819618,34.83482,33.8
398197524,245711,27063,27.30605,62.14087,33.8
398298619,346806,24302,33.849992,95.990862,33.8
398392625,440812,23138,37.342082,133.332944,33.8
398484986,533173,23045,37.653842,170.986786,33.8
398577711,625898,23242,37.014408,208.001194,33.8
398672872,721059,23933,34.911368,242.912562,33.8
398772577,820764,25988,29.598818,272.51138,33.8
398860426,908613,-87849,2.590088,272.51138,33.8
398927738,975925,-13731,106.055048,272.51138,33.8
398977996,1026183,-63989,4.879688,272.51138,33.8
399030180,1078367,-116173,1.4792,272.51138,33.8
399092913,1141100,-17054,68.749538,272.51138,33.8
399169247,1217434,-20610,47.083808,272.51138,33.8
399257981,1306168,-23640,35.7858,272.51138,33.8
399360480,1408667,-27922,25.647122,272.51138,33.8
399498337,1546524,-41143,11.8098,272.51138,33.8
399780548,0,46630,9.193472,272,32.8
399922965,142417,31952,19.581282,28.774754,32.8
400039088,258540,28116,25.290272,54.065026,32.8
400144611,364063,25360,31.094498,85.159524,32.8
400242218,461670,24052,34.561298,119.720822,32.8
400337861,557313,23790,35.330418,155.05124,32.8
400433786,653238,24085,34.461602,189.512842,32.8
400531868,751320,24665,32.869832,222.382674,32.8
400633954,853406,26179,29.169522,251.552196,32.8
400731074,950526,-97120,2.117682,251.552196,32.8
400802658,1022110,-15286,85.569362,251.552196,32.8
400858819,1078271,-71447,3.914402,251.552196,32.8
400916612,1136064,-129240,1.195058,251.552196,32.8
400979857,1199309,-16798,70.876418,251.552196,32.8
401051576,1271028,-18889,56.052872,251.552196,32.8
401132536,1351988,-20742,46.484082,251.552196,32.8
401221576,1441028,-23678,35.667458,251.552196,32.8
401339643,1559095,-35920,15.490178,251.552196,32.8
401628470,0,41914,11.37645,251,32.4
401768153,139683,31406,20.275712,31.652162,32.4
401882932,254462,27811,25.84805,57.500212,32.4
401986847,358377,24921,32.192288,89.6925,32.4
402082912,454442,23686,35.633682,125.326182,32.4
402177836,549366,23616,35.853512,161.179694,32.4
402273478,645008,24052,34.561298,195.740992,32.4
402371961,743491,24650,32.902272,228.643264,32.4
402588179,959709,-18847,56.28605,228.643264,32.4
402648803,1020333,-14291,97.916018,228.643264,32.4
402703102,1074632,-68590,4.245698,228.643264,32.4
402761006,1132536,-15482,83.437362,228.643264,32.4
402830394,1201924,-19398,53.14805,228.643264,32.4
403034364,1405894,-31028,20.762568,228.643264,32.4
403183382,1554912,-44144,10.26045,228.643264,32.4
403428915,0,63411,4.973858,228,33.3
403575808,146893,32670,18.7272,23.701058,33.3
403692917,264002,27922,25.647122,49.34818,33.3
403796815,367900,24906,32.24045,81.58863,33.3
403891942,463027,23619,35.836578,117.425208,33.3
403986128,557213,23623,35.836578,153.261786,33.3
404081638,652723,24252,33.998258,187.260044,33.3
404179440,750525,24670,32.853618,220.113662,33.3
404284463,855548,28818,24.0818,244.195462,33.3
404479522,1050607,-66743,4.488008,244.195462,33.3
404583386,1154471,-170607,0.686792,244.195462,33.3
404731646,1302731,-22680,38.878562,244.195462,33.3
404833512,1404597,-28108,25.304498,244.195462,33.3
404968236,1539321,-40392,12.25125,244.195462,33.3
405224835,0,47864,8.727842,244,33.4
405367088,142253,31777,19.794632,28.522474,33.4
405481409,256574,27359,26.71805,55.240524,33.4
405676953,452118,23042,37.653842,126.514366,33.4
405861099,636264,23148,37.3248,202.085424,33.4
406057428,832593,27598,26.252258,263.132164,33.4
406252386,1027551,-68723,4.23405,263.132164,33.4
406402035,1177200,-218372,0.417698,263.132164,33.4
406466422,1241587,-17602,64.547522,263.132164,33.4
406549123,1324288,-23093,37.4978,263.132164,33.4
407224548,230894,25537,30.65445,69.924346,33.9
407320252,326598,22983,37.862402,107.786748,33.9
407410051,416397,22176,40.662162,148.44891,33.9
407498960,505306,22176,40.662162,189.111072,33.9
407588652,594998,22559,39.285248,228.39632,33.9
407681281,687627,23234,37.048832,265.445152,33.9
407781950,788296,28714,24.248648,289.6938,33.9
407954049,960395,-65883,4.602578,289.6938,33.9
408004373,1010719,-116207,1.4792,289.6938,33.9
408058143,1064489,-169977,0.691488,289.6938,33.9
408118631,1124977,-16369,74.639762,289.6938,33.9
408195736,1202082,-21706,42.448898,289.6938,33.9
408299975,1306321,-29239,23.3928,289.6938,33.9
408436685,1443031,-39728,12.670578,289.6938,33.9
408736487,0,38504,13.488818,289,34.4
408980773,244286,26491,28.486152,63.807802,34.4
409079413,342926,23698,35.599922,99.407724,34.4
409170809,434322,22619,39.090482,138.498206,34.4
409261332,524845,22680,38.878562,177.376768,34.4
409352661,616174,22930,38.036642,215.41341,34.4
409447419,710932,23892,35.02845,250.44186,34.4
409546637,810150,25556,30.607488,281.049348,34.4
409659253,922766,-112616,1.573538,281.049348,34.4
409736171,999684,-16673,71.928018,281.049348,34.4
409795522,1059035,-14468,95.523842,281.049348,34.4
409851653,1115166,-70599,4.010112,281.049348,34.4
409912575,1176088,-15753,80.568818,281.049348,34.4
409980001,1243514,-18037,61.471872,281.049348,34.4
410057398,1320911,-20844,46.022418,281.049348,34.4
410153602,1417115,-27279,26.86445,281.049348,34.4
410296357,1559870,-44009,10.323968,281.049348,34.4
410569452,0,51046,7.675362,281,32.7
410716085,146633,33232,18.108162,25.783524,32.7
410834911,265459,28180,25.176608,50.960132,32.7
410939801,370349,25089,31.76045,82.720582,32.7
411036453,467001,23961,34.827858,117.54844,32.7
411132298,562846,23891,35.02845,152.57689,32.7
411229262,659810,24303,33.849992,186.426882,32.7
411330152,760700,25675,30.326472,216.753354,32.7
411548291,978839,-28655,24.346242,216.753354,32.7
411650086,1080634,-26086,29.383778,216.753354,32.7
411758213,1188761,-27683,26.093088,216.753354,32.7
411864817,1295365,-27396,26.645,216.753354,32.7
411974612,1405160,-29060,23.680962,216.753354,32.7
412098191,1528739,-32987,18.373922,216.753354,32.7
412249248,1679796,-44605,10.044162,216.753354,32.7
412503565,1934113,-84011,2.8322,216.753354,32.7
540744921,0,181276,0.607202,216,0.4
540981906,236985,41219,11.770952,12.378154,0.4
541113428,368507,29440,23.065632,35.443786,0.4
541218792,473871,24522,33.243858,68.687644,0.4
541313143,568222,23324,36.756738,105.444382,0.4
541407432,662511,23904,34.994978,140.43936,0.4
541507074,762153,25500,30.748482,171.187842,0.4
541614588,869667,27852,25.7762,196.964042,0.4
541800956,1056035,-22027,41.205042,196.964042,0.4
541865451,1120530,-15139,87.25205,196.964042,0.4
541922293,1177372,-71981,3.858642,196.964042,0.4
541983523,1238602,-15821,79.8848,196.964042,0.4
542049512,1304591,-17487,65.391048,196.964042,0.4
542129037,1384116,-22399,39.854592,196.964042,0.4
542232397,1487476,-28646,24.3602,196.964042,0.4
542369326,1624405,-41196,11.780658,196.964042,0.4
542587924,0,75869,3.474248,196,32.5
542751423,163499,31118,20.646738,24.120986,32.5
542863038,275114,26665,28.125,52.245986,32.5
542962135,374211,23806,35.28,87.525986,32.5
543055038,467114,22957,37.93205,125.458036,32.5
543147645,559721,23070,37.567112,163.025148,32.5
543240790,652866,23413,36.482882,199.50803,32.5
543337189,749265,24507,33.2928,232.80083,32.5
543442373,854449,28773,24.15125,256.95208,32.5
543582780,994856,-14722,92.262528,256.95208,32.5
543634425,1046501,-66367,4.536072,256.95208,32.5
543685239,1097315,-117181,1.455218,256.95208,32.5
543741201,1153277,-173143,0.665858,256.95208,32.5
543806986,1219062,-17892,62.473842,256.95208,32.5
543888520,1300596,-22693,38.825672,256.95208,32.5
543991251,1403327,-28366,24.85125,256.95208,32.5
544123830,1535906,-37664,14.09805,256.95208,32.5
544439850,0,44611,10.044162,256,32.3
544577601,137751,29896,22.364672,32.408834,32.3
544686375,246525,25673,30.34205,62.750884,32.3
544783755,343905,23427,36.431648,99.182532,32.3
544873962,434112,22204,40.554018,139.73655,32.3
544962500,522650,22091,40.969352,180.705902,32.3
545052088,612238,22566,39.267522,219.973424,32.3
545145061,705211,23479,36.278162,256.251586,32.3
545483448,1043598,-70581,4.010112,256.251586,32.3
545543206,1103356,-15701,81.128322,256.251586,32.3
545607152,1167302,-16793,70.900232,256.251586,32.3
545683463,1243613,-21400,43.655168,256.251586,32.3
545782162,1342312,-27546,26.3538,256.251586,32.3
545916791,1476941,-39080,13.086728,256.251586,32.3
546252152,0,40829,11.995202,256,33.1
546386756,134604,29848,22.445,34.440202,33.1
546496458,244306,26384,28.7282,63.168402,33.1
546595137,342985,23577,35.972162,99.140564,33.1
546687047,434895,22708,38.772818,137.913382,33.1
546777553,525401,22507,39.480498,177.39388,33.1
546868178,616026,22749,38.63205,216.02593,33.1
546960818,708666,23292,36.859698,252.885628,33.1
547057767,805615,25212,31.458312,284.34394,33.1
547140478,888326,-82711,2.923362,284.34394,33.1
547210670,958518,-14243,98.5608,284.34394,33.1
547260584,1008432,-64157,4.854728,284.34394,33.1
547308790,1056638,-112363,1.580642,284.34394,33.1
547360246,1108094,-163819,0.7442,284.34394,33.1
547415958,1163806,-219531,0.41405,284.34394,33.1
547481165,1229013,-17602,64.547522,284.34394,33.1
547559711,1307559,-21567,42.984992,284.34394,33.1
547653879,1401727,-25721,30.217538,284.34394,33.1
547782387,1530235,-40134,12.410162,284.34394,33.1
547981542,0,199155,0.504008,284,34.6
548123606,142064,31911,19.631378,20.135386,34.6
548238249,256707,27227,26.967168,47.102554,34.6
548339357,357815,24234,34.047752,81.150306,34.6
548430879,449337,22314,40.158722,121.309028,34.6
548517644,536102,21520,43.170632,164.47966,34.6
548603524,621982,21440,43.505792,207.985452,34.6
548690498,708956,21850,41.879552,249.865004,34.6
548780330,798788,22676,38.878562,288.743566,34.6
548877385,895843,27152,27.114248,315.857814,34.6
549033088,1051546,-17803,63.101378,315.857814,34.6
549096329,1114787,-15788,80.213778,315.857814,34.6
549158671,1177129,-15753,80.568818,315.857814,34.6
549223306,1241764,-16455,73.859858,315.857814,34.6
549289246,1307704,-17270,67.0482,315.857814,34.6
549360064,1378522,-18488,58.492928,315.857814,34.6
549441201,1459659,-21928,41.5872,315.857814,34.6
549539271,1557729,-27398,26.630402,315.857814,34.6
549689367,1707825,-50950,7.698888,315.857814,34.6
549960030,0,31850,19.706642,315,30.3
550073136,113106,26521,28.4258,48.132442,30.3
550173127,213097,24127,34.345472,82.477914,30.3
550264538,304508,22318,40.1408,122.618714,30.3
550352104,392074,21697,42.467328,165.086042,30.3
550439406,479376,21784,42.1362,207.222242,30.3
550527464,567434,22158,40.734338,247.95658,30.3
550618437,658407,22989,37.827602,285.784182,30.3
550720898,760868,30986,20.827058,306.61124,30.3
550882912,922882,-19104,54.789512,306.61124,30.3
550951676,991646,-17152,67.9778,306.61124,30.3
551019779,1059749,-17430,65.826338,306.61124,30.3
551089470,1129440,-17544,64.957202,306.61124,30.3
551160943,1200913,-18556,58.082642,306.61124,30.3
551238107,1278077,-20203,48.985202,306.61124,30.3
551325004,1364974,-23574,35.972162,306.61124,30.3
551432862,1472832,-30945,20.878722,306.61124,30.3
551827099,0,39023,13.127688,306,32.1
551966459,139360,32394,19.046792,32.17448,32.1
552086696,259597,29308,23.283488,55.457968,32.1
552197231,370132,26696,28.05005,83.508018,32.1
552300144,473045,25401,30.984192,114.49221,32.1
552400431,573332,24862,32.352968,146.845178,32.1
552500505,673406,25176,31.553568,178.398746,32.1
552603735,776636,26014,29.552672,207.951418,32.1
552799267,972168,-22133,40.824648,207.951418,32.1
552870412,1043313,-17362,66.332162,207.951418,32.1
552945414,1118315,-20296,48.550658,207.951418,32.1
553029348,1202249,-20993,45.372338,207.951418,32.1
553109424,1282325,-20063,49.680512,207.951418,32.1
553189002,1361903,-20370,48.196562,207.951418,32.1
553278412,1451313,-24619,32.983442,207.951418,32.1
553400287,1573188,-35517,15.84845,207.951418,32.1
553776698,0,42123,11.262258,207,30.7
553924622,147924,33504,17.808512,29.07077,30.7
554048016,271318,29737,22.606088,51.676858,30.7
554158443,381745,26389,28.713042,80.3899,30.7
554259711,483013,24867,32.336882,112.726782,30.7
554357450,580752,24131,34.345472,147.072254,30.7
554454455,677757,24386,33.62,180.692254,30.7
554553594,776896,24944,32.128128,212.820382,30.7
554659288,882590,28838,24.040178,236.86056,30.7
554908887,1132189,-119406,1.401138,236.86056,30.7
554967619,1190921,-178138,0.629442,236.86056,30.7
555035828,1259130,-18561,58.039538,236.86056,30.7
555121063,1344365,-23579,35.972162,236.86056,30.7
555225874,1449176,-28237,25.077362,236.86056,30.7
555351237,1574539,-34458,16.843208,236.86056,30.7
555664944,0,39873,12.570098,236,31.7
555802415,137471,31024,20.775458,33.345556,31.7
555915899,250955,27391,26.645,59.990556,31.7
556017639,352695,24535,33.21125,93.201806,31.7
556112862,447918,23548,36.057032,129.258838,31.7
556206238,541294,23228,37.06605,166.324888,31.7
556300076,635132,23563,36.006098,202.330986,31.7
556396791,731847,24463,33.407138,235.738124,31.7
556503334,838390,30772,21.112002,256.850126,31.7
556727472,1062528,-14726,92.2082,256.850126,31.7
556786409,1121465,-15274,85.726418,256.850126,31.7
556846408,1181464,-15221,86.303522,256.850126,31.7
556907325,1242381,-15753,80.568818,256.850126,31.7
556974854,1309910,-18087,61.117568,256.850126,31.7
557057522,1392578,-23093,37.4978,256.850126,31.7
557165586,1500642,-30395,21.6482,256.850126,31.7
557541509,0,36874,14.699042,256,31.9
557670702,129193,30089,22.084658,36.7837,31.9
557782344,240835,26513,28.440882,65.224582,31.9
557881721,340212,23901,34.994978,100.21956,31.9
557974712,433203,23027,37.705928,137.925488,31.9
558067154,525645,23108,37.445858,175.371346,31.9
558160622,619113,23549,36.057032,211.428378,31.9
558363111,821602,29807,22.498632,267.236132,31.9
558572425,1030916,-14256,98.392392,267.236132,31.9
558631132,1089623,-15526,82.9472,267.236132,31.9
558696996,1155487,-17412,65.964098,267.236132,31.9
558771455,1229946,-19870,50.642048,267.236132,31.9
558858373,1316864,-23290,36.859698,267.236132,31.9
558962896,1421387,-28809,24.095682,267.236132,31.9
559091716,1550207,-35717,15.668802,267.236132,31.9
559447952,0,39500,12.811922,267,31.4
559581338,133386,30465,21.543048,34.35497,31.4
559694200,246248,26907,27.617312,61.972282,31.4
559794772,346820,24096,34.445,96.417282,31.4
559888449,440497,23215,37.100498,133.51778,31.4
559980479,532527,22959,37.93205,171.44983,31.4
560073071,625119,23285,36.876872,208.326702,31.4
560169336,721384,24450,33.439842,241.766544,31.4
560419132,971180,-16724,71.496882,241.766544,31.4
560484550,1036598,-16849,70.44845,241.766544,31.4
560553570,1105618,-17701,63.822402,241.766544,31.4
560627515,1179563,-19884,50.581682,241.766544,31.4
560715645,1267693,-23980,34.7778,241.766544,31.4
560824821,1376869,-30492,21.503682,241.766544,31.4
560969229,1521277,-42883,10.867122,241.766544,31.4
561284709,0,40301,12.310722,241,32.6
561425754,141045,32174,19.319328,31.63005,32.6
561648572,363863,25332,31.157618,87.97847,32.6
561745967,461258,23974,34.794482,122.772952,32.6
561841518,556809,23822,35.229618,158.00257,32.6
561937464,652755,24097,34.428402,192.430972,32.6
562036281,751572,24956,32.112098,224.54307,32.6
562337280,1052571,-15633,81.817632,224.54307,32.6
562399067,1114358,-15865,79.455618,224.54307,32.6
562464337,1179628,-16953,69.572808,224.54307,32.6
562536806,1252097,-19446,52.880328,224.54307,32.6
562622056,1337347,-22767,38.579328,224.54307,32.6
562724350,1439641,-27766,25.934402,224.54307,32.6
562859096,1574387,-39660,12.710882,224.54307,32.6
563160649,0,40151,12.4002,224,31.9
563300844,140195,31522,20.123168,32.523368,31.9
563415123,254474,27307,26.820488,59.343856,31.9
563516281,355632,24197,34.146848,93.490704,31.9
563609272,448623,22863,38.246258,131.736962,31.9
563700455,539806,22656,38.949138,170.6861,31.9
563792109,631460,23067,37.58445,208.27055,31.9
563886706,726057,23880,35.061938,243.332488,31.9
564128961,968312,-20027,49.860098,243.332488,31.9
564195656,1035007,-16587,72.673568,243.332488,31.9
564261870,1101221,-17336,66.539648,243.332488,31.9
564337575,1176926,-20212,48.945618,243.332488,31.9
564424251,1263602,-23023,37.723298,243.332488,31.9
564519646,1358997,-25389,31.015688,243.332488,31.9
564635905,1475256,-32618,18.78845,243.332488,31.9
564803530,1642881,-51127,7.64405,243.332488,31.9
565062509,0,62687,5.08805,243,31.5
565213120,150611,33489,17.832392,22.920442,31.5
565435960,373451,24836,32.417352,80.713482,31.5
565531522,469013,23521,36.142002,116.855484,31.5
565624626,562117,23055,37.619138,154.474622,31.5
565717886,655377,23411,36.482882,190.957504,31.5
565813977,751468,24302,33.849992,224.807496,31.5
566084323,1021814,-38264,13.655538,224.807496,31.5
566247732,1185223,-36366,15.114002,224.807496,31.5
566377225,1314716,-33627,17.677458,224.807496,31.5
566516732,1454223,-36608,14.916722,224.807496,31.5
566688438,1625929,-49263,8.233682,224.807496,31.5
566891340,1828831,-49287,8.225568,224.807496,31.5
567083368,2020859,-50832,7.738178,224.807496,31.5
567332881,2270372,-76797,3.390408,224.807496,31.5
695521627,0,76881,3.38,224,0.4
696083850,562223,54159,6.815432,10.195432,0.4
696235801,714174,32726,18.66605,28.861482,0.4
696348237,826610,25722,30.217538,59.07902,0.4
696444143,922516,23375,36.602568,95.681588,0.4
696537556,1015929,23376,36.585458,132.267046,0.4
696632931,1111304,24255,33.981768,166.248814,0.4
696734444,1212817,26303,28.895202,195.144016,0.4
697015255,1493628,-13168,115.337672,195.144016,0.4
697066489,1544862,-64402,4.817408,195.144016,0.4
697121771,1600144,-119684,1.39445,195.144016,0.4
697183406,1661779,-16299,75.27645,195.144016,0.4
697254664,1733037,-19325,53.540552,195.144016,0.4
697337785,1816158,-22133,40.824648,195.144016,0.4
697434920,1913293,-26043,29.475842,195.144016,0.4
697559496,2037869,-37660,14.09805,195.144016,0.4
697783726,0,66908,4.464072,195,26.5
697945908,162182,31545,20.0978,24.561872,26.5
698154969,371243,23276,36.911232,90.353104,26.5
698244093,460367,21765,42.209672,132.562776,26.5
698330064,546338,21421,43.580448,176.143224,26.5
698415938,632212,21510,43.226402,219.369626,26.5
698504448,720722,22519,39.4272,258.796826,26.5
698597542,813816,23842,35.179272,293.976098,26.5
698862083,1078357,-13912,103.334688,293.976098,26.5
698917113,1133387,-68942,4.205,293.976098,26.5
698976756,1193030,-15954,78.575648,293.976098,26.5
699045603,1261877,-18321,59.579528,293.976098,26.5
699122363,1338637,-20097,49.50125,293.976098,26.5
699206433,1422707,-22424,39.765362,293.976098,26.5
699306574,1522848,-27714,26.035328,293.976098,26.5
699483287,1699561,-70439,4.027122,293.976098,26.5
699729609,0,36889,14.6882,293,30.8
699853302,123693,28573,24.486002,39.174202,30.8
699961009,231400,25812,30.015752,69.189954,30.8
700058516,328907,23749,35.4482,104.638154,30.8
700151036,421427,22914,38.088992,142.727146,30.8
700242982,513373,22924,38.054088,180.781234,30.8
700335642,606033,23358,36.653922,217.435156,30.8
700431165,701556,24129,34.345472,251.780628,30.8
700705610,976001,-66693,4.494002,251.780628,30.8
700752746,1023137,-113829,1.541768,251.780628,30.8
700803496,1073887,-164579,0.736898,251.780628,30.8
700860504,1130895,-221587,0.406802,251.780628,30.8
700928527,1198918,-18304,59.688738,251.780628,30.8
701013982,1284373,-23503,36.193032,251.780628,30.8
701121180,1391571,-30007,22.204448,251.780628,30.8
701316093,1586484,-78192,3.266568,251.780628,30.8
701545718,0,35859,15.545888,251,33
701666866,121148,27746,25.977632,41.52352,33
701771969,226251,25075,31.808288,73.331808,33
701867257,321539,23147,37.3248,110.656608,33
701957347,411629,22227,40.482002,151.13861,33
702046769,501051,22374,39.943922,191.082532,33
702136869,591151,22656,38.949138,230.03167,33
702229443,683725,23342,36.705312,266.736982,33
702326631,780913,25333,31.157618,297.8946,33
702406481,860763,-79850,3.135008,297.8946,33
702471395,925677,-13220,114.428192,297.8946,33
702519249,973531,-61074,5.359538,297.8946,33
702567146,1021428,-108971,1.681778,297.8946,33
702621085,1075367,-162910,0.751538,297.8946,33
702680622,1134904,-15928,78.826568,297.8946,33
702750698,1204980,-19245,53.996832,297.8946,33
702839481,1293763,-23888,35.045192,297.8946,33
702946114,1400396,-29186,23.474952,297.8946,33
703338782,0,36209,15.246242,297,33.4
703571794,233012,25692,30.295328,69.443268,33.4
703668716,329934,23333,36.72245,106.165718,33.4
703849833,511051,22397,39.854592,185.53636,33.4
703940687,601905,22867,38.246258,223.782618,33.4
704034269,695487,23554,36.04005,259.822668,33.4
704137783,799001,30152,21.991712,281.81438,33.4
704287517,948735,-17957,62.005248,281.81438,33.4
704408143,1069361,-15016,88.684562,281.81438,33.4
704469977,1131195,-15803,80.061858,281.81438,33.4
704608904,1270122,-19736,51.328712,281.81438,33.4
704811621,1472839,-31396,20.28845,281.81438,33.4
705189566,0,37009,14.601608,281,32.4
705426552,236986,26006,29.56805,66.977916,32.4
705524439,334873,23343,36.688178,103.666094,32.4
705615251,425685,22382,39.908178,143.574272,32.4
705704422,514856,22225,40.482002,184.056274,32.4
705793516,603950,22298,40.212512,224.268786,32.4
705885264,695698,23138,37.342082,261.610868,32.4
705996436,806870,38350,13.592898,275.203766,32.4
706187495,997929,-14341,97.245458,275.203766,32.4
706242430,1052864,-69276,4.164498,275.203766,32.4
706362041,1172475,-16561,72.914888,275.203766,32.4
706434400,1244834,-19651,51.775488,275.203766,32.4
706521549,1331983,-23892,35.02845,275.203766,32.4
706635492,1445926,-32905,18.471042,275.203766,32.4
707020244,0,37782,14.002632,275,32.7
707151556,131312,29647,22.754258,36.75689,32.7
707262680,242436,26772,27.90045,64.65734,32.7
707362328,342084,23859,35.128962,99.786302,32.7
707454578,434334,22665,38.931488,138.71779,32.7
707544841,524597,22356,40.015458,178.733248,32.7
707634869,614625,22655,38.966792,217.70004,32.7
707727415,707171,23395,36.534152,254.234192,32.7
707960221,939977,-17402,66.033032,254.234192,32.7
708018197,997953,-13631,107.633792,254.234192,32.7
708070068,1049824,-65502,4.657352,254.234192,32.7
708124173,1103929,-119607,1.397792,254.234192,32.7
708182303,1162059,-177737,0.631688,254.234192,32.7
708250249,1230005,-18423,58.904658,254.234192,32.7
708334320,1314076,-23164,37.272978,254.234192,32.7
708444126,1423882,-30911,20.93045,254.234192,32.7
708806567,0,36383,15.103008,254,33.5
708931846,125279,29000,23.777408,38.880416,33.5
709039204,232637,25737,30.18645,69.066866,33.5
709135287,328720,23061,37.601792,106.668658,33.5
709224982,418415,22162,40.716288,147.384946,33.5
709313526,506959,22046,41.13245,188.517396,33.5
709402667,596100,22443,39.69405,228.211446,33.5
709494434,687867,23138,37.342082,265.553528,33.5
709599455,792888,33148,18.192512,283.74604,33.5
709785089,978522,-72230,3.830912,283.74604,33.5
709838604,1032037,-125745,1.26405,283.74604,33.5
709896645,1090078,-183786,0.591872,283.74604,33.5
709960878,1154311,-17061,68.702642,283.74604,33.5
710033627,1227060,-19612,51.979208,283.74604,33.5
710120758,1314191,-23912,34.978248,283.74604,33.5
710234488,1427921,-32245,19.232402,283.74604,33.5
710631899,0,36519,14.993288,283,32.8
710758505,126606,29471,23.024898,38.018186,32.8
710867832,235933,26053,29.460488,67.478674,32.8
710965361,333462,23412,36.482882,103.961556,32.8
711055735,423836,22225,40.482002,144.443558,32.8
711144634,512735,22105,40.915058,185.358616,32.8
711233886,601987,22465,39.622802,224.981418,32.8
711325699,693800,23119,37.41125,262.392668,32.8
711421628,789729,24783,32.56245,294.955118,32.8
711540518,908619,-31914,19.631378,294.955118,32.8
711603209,971310,-13318,112.740128,294.955118,32.8
711651504,1019605,-61613,5.268258,294.955118,32.8
711698684,1066785,-108793,1.689122,294.955118,32.8
711752840,1120941,-162949,0.751538,294.955118,32.8
711813594,1181695,-15924,78.851682,294.955118,32.8
711880833,1248934,-17619,64.41125,294.955118,32.8
711958613,1326714,-21112,44.859392,294.955118,32.8
712052573,1420674,-25739,30.18645,294.955118,32.8
712180753,1548854,-39730,12.660512,294.955118,32.8
712373001,0,192248,0.5408,294,34.4
712515686,142685,32845,18.531872,19.072672,34.4
712634769,261768,28230,25.091528,44.1642,34.4
712739836,366835,24915,32.208338,76.372538,34.4
712834579,461578,22990,37.827602,114.20014,34.4
712923357,550356,21910,41.660192,155.860332,34.4
713011048,638047,21800,42.081138,197.94147,34.4
713099719,726718,22365,39.979682,237.921152,34.4
713191134,818133,23125,37.393952,275.315104,34.4
713287280,914279,25057,31.8402,307.155304,34.4
713408615,1035614,-36390,15.103008,307.155304,34.4
713474494,1101493,-14105,100.507842,307.155304,34.4
713524720,1151719,-64331,4.829832,307.155304,34.4
713575020,1202019,-114631,1.520768,307.155304,34.4
713632036,1259035,-171647,0.677448,307.155304,34.4
713695725,1322724,-17259,67.140872,307.155304,34.4
713770122,1397121,-19996,50.020002,307.155304,34.4
713857446,1484445,-23531,36.108002,307.155304,34.4
713961372,1588371,-27921,25.647122,307.155304,34.4
714119937,1746936,-56453,6.272882,307.155304,34.4
714397061,0,35349,15.995168,307,29.6
714520951,123890,29079,23.639688,39.634856,29.6
714629694,232633,25938,29.72205,69.356906,29.6
714727458,330397,23479,36.278162,105.635068,29.6
714819088,422027,22589,39.178952,144.81402,29.6
714909312,512251,22520,39.4272,184.24122,29.6
715000236,603175,22914,38.088992,222.330212,29.6
715093785,696724,23635,35.802722,258.132934,29.6
715191429,794368,24869,32.336882,290.469816,29.6
715337741,940680,-22749,38.63205,290.469816,29.6
715399376,1002315,-13763,105.56045,290.469816,29.6
715448623,1051562,-63010,5.037138,290.469816,29.6
715495015,1097954,-109402,1.670792,290.469816,29.6
715543964,1146903,-158351,0.796322,290.469816,29.6
715599604,1202543,-213991,0.436178,290.469816,29.6
715668394,1271333,-18589,57.867282,290.469816,29.6
715751070,1354009,-22459,39.640608,290.469816,29.6
715853145,1456084,-28148,25.233408,290.469816,29.6
716016993,1619932,-60775,5.41205,290.469816,29.6
716245337,0,34852,16.462322,290,32.4
716367842,122505,28628,24.402098,40.86442,32.4
716475472,230135,25698,30.279762,71.144182,32.4
716573536,328199,23751,35.4482,106.592382,32.4
716667432,422095,23300,36.825362,143.417744,32.4
716760991,515654,23435,36.414578,179.832322,32.4
716856013,610676,23893,35.02845,214.860772,32.4
716954639,709302,24999,32,246.860772,32.4
717060095,814758,28258,25.034888,271.89566,32.4
717298642,1053305,-13505,109.638432,271.89566,32.4
717350618,1105281,-65481,4.663458,271.89566,32.4
717406575,1161238,-121438,1.354658,271.89566,32.4
717470520,1225183,-17260,67.117698,271.89566,32.4
717545065,1299728,-19866,50.662178,271.89566,32.4
717633134,1387797,-24045,34.577928,271.89566,32.4
717746064,1500727,-31690,19.90805,271.89566,32.4
718135509,0,37244,14.407712,271,31.7
718265509,130000,30564,21.398882,35.806594,31.7
718380864,245355,27524,26.397378,62.203972,31.7
718485597,350088,25241,31.379042,93.583014,31.7
718584350,448841,24246,34.014752,127.597766,31.7
718681520,546011,24165,34.246088,161.843854,31.7
718779469,643960,24634,32.950962,194.794816,31.7
718879987,744478,25332,31.157618,225.952434,31.7
718985143,849634,27203,27.025952,252.978386,31.7
719081045,945536,-95902,2.171528,252.978386,31.7
719159972,1024463,-15818,79.910082,252.978386,31.7
719216740,1081231,-72586,3.792258,252.978386,31.7
719278699,1143190,-16760,71.186312,252.978386,31.7
719353430,1217921,-19765,51.186962,252.978386,31.7
719434798,1299289,-20970,45.467648,252.978386,31.7
719525734,1390225,-24681,32.821202,252.978386,31.7
719658233,1522724,-42393,11.120328,252.978386,31.7
719977429,1841920,-123876,1.302498,252.978386,31.7
848426238,0,172330,0.6728,252,0.4
848659715,233477,40605,12.122888,12.795688,0.4
848791837,365599,29866,22.418208,35.213896,0.4
848898082,471844,24995,32,67.213896,0.4
848996476,570238,24654,32.902272,100.116168,0.4
849096305,670067,25072,31.808288,131.924456,0.4
849201145,774907,27116,27.187938,159.112394,0.4
849322487,896249,32834,18.54405,177.656444,0.4
849480160,1053922,-36331,15.147008,177.656444,0.4
849562802,1136564,-18008,61.671618,177.656444,0.4
849629049,1202811,-16528,73.205,177.656444,0.4
849695016,1268778,-16731,71.425152,177.656444,0.4
849763490,1337252,-17875,62.585672,177.656444,0.4
849838552,1412314,-19314,53.602658,177.656444,0.4
849926227,1499989,-24342,33.751328,177.656444,0.4
850041576,1615338,-32913,18.458888,177.656444,0.4
850372259,0,53312,7.03125,177,30.8
850516955,144696,31558,20.072448,27.103698,30.8
850632615,260356,27459,26.513762,53.61746,30.8
850735311,363052,24685,32.821202,86.438662,30.8
850830821,458562,23616,35.853512,122.292174,30.8
850925054,552795,23410,36.482882,158.775056,30.8
851019541,647282,23754,35.431362,194.206418,30.8
851117292,745033,24733,32.691698,226.898116,30.8
851221627,849368,27381,26.674208,253.572324,30.8
851305858,933599,-84231,2.817938,253.572324,30.8
851371135,998876,-12971,118.857362,253.572324,30.8
851417668,1045409,-59504,5.6448,253.572324,30.8
851463195,1090936,-105031,1.812608,253.572324,30.8
851512005,1139746,-153841,0.845,253.572324,30.8
851567389,1195130,-209225,0.455058,253.572324,30.8
851635165,1262906,-18577,57.953378,253.572324,30.8
851720029,1347770,-23090,37.4978,253.572324,30.8
851822986,1450727,-28719,24.248648,253.572324,30.8
852162669,0,43172,10.727712,253,33.5
852297955,135286,29434,23.079218,33.80693,33.5
852406382,243713,25804,30.03125,63.83818,33.5
852503660,340991,23491,36.227072,100.065252,33.5
852594151,431482,22227,40.482002,140.547254,33.5
852682703,520034,21993,41.332232,181.879486,33.5
852772124,609455,22593,39.178952,221.058438,33.5
852865083,702414,23559,36.023072,257.08151,33.5
852962608,799939,24988,32.016002,289.097512,33.5
853088561,925892,-32983,18.373922,289.097512,33.5
853314490,1151821,-173802,0.66125,289.097512,33.5
853374789,1212120,-15807,80.036552,289.097512,33.5
853444178,1281509,-19007,55.356242,289.097512,33.5
853533454,1370785,-25111,31.712648,289.097512,33.5
853658763,1496094,-38233,13.67645,289.097512,33.5
853897481,0,49756,8.072162,289,34.5
854041601,144120,31716,19.870208,27.94237,34.5
854154252,256771,26905,27.617312,55.559682,34.5
854254505,357024,23994,34.727778,90.28746,34.5
854346879,449398,22126,40.842722,131.130182,34.5
854437999,540518,22720,38.737602,169.867784,34.5
854529724,632243,23052,37.636488,207.504272,34.5
854624421,726940,23833,35.19605,242.700322,34.5
854723443,825962,25415,30.952712,273.653034,34.5
854861544,964063,-34348,16.947842,273.653034,34.5
854934772,1037291,-15666,81.485378,273.653034,34.5
854989968,1092487,-70862,3.981842,273.653034,34.5
855043342,1145861,-124236,1.292832,273.653034,34.5
855100434,1202953,-181328,0.607202,273.653034,34.5
855165754,1268273,-17738,63.551538,273.653034,34.5
855242748,1345267,-20295,48.550658,273.653034,34.5
855334951,1437470,-25498,30.748482,273.653034,34.5
855457010,1559529,-36179,15.279392,273.653034,34.5
855724363,0,49472,8.168882,273,32.8
855869398,145035,32070,19.443848,27.61273,32.8
855983090,258727,27262,26.908448,54.521178,32.8
856084216,359853,24107,34.411808,88.932986,32.8
856176812,452449,22792,38.491538,127.424524,32.8
856267723,543360,22570,39.2498,166.674324,32.8
856359132,634769,22932,38.0192,204.693524,32.8
856453170,728807,23686,35.633682,240.327206,32.8
856551404,827041,25316,31.205,271.532206,32.8
856663616,939253,-112212,1.587762,271.532206,32.8
856734785,1010422,-14677,92.833938,271.532206,32.8
856786559,1062196,-66451,4.524032,271.532206,32.8
856838249,1113886,-118141,1.431432,271.532206,32.8
856896614,1172251,-15595,82.227488,271.532206,32.8
856964438,1240075,-18424,58.904658,271.532206,32.8
857045812,1321449,-22298,40.212512,271.532206,32.8
857147350,1422987,-28300,24.964178,271.532206,32.8
857285265,1560902,-41639,11.529602,271.532206,32.8
857553600,0,49553,8.144648,271,32.8
857698115,144515,32272,19.195208,27.339856,32.8
857814494,260894,27782,25.905602,53.245458,32.8
857917647,364047,24731,32.691698,85.937156,32.8
858011701,458101,23170,37.23845,123.175606,32.8
858103715,550115,22914,38.088992,161.264598,32.8
858196093,642493,23149,37.307522,198.57212,32.8
858290903,737303,23827,35.212832,233.784952,32.8
858389956,836356,25793,30.062258,263.84721,32.8
858495290,941690,-105334,1.801202,263.84721,32.8
858570647,1017047,-15377,84.578018,263.84721,32.8
858625470,1071870,-70200,4.055552,263.84721,32.8
858675808,1122208,-120538,1.374482,263.84721,32.8
858732557,1178957,-177287,0.636192,263.84721,32.8
858797861,1244261,-17551,64.911618,263.84721,32.8
858874638,1321038,-20760,46.387712,263.84721,32.8
858968037,1414437,-25859,29.907378,263.84721,32.8
859090238,1536638,-36117,15.323648,263.84721,32.8
859366547,0,39555,12.781568,263,33
859503717,137170,31096,20.67245,33.454018,33
859616036,249489,27035,27.350408,60.804426,33
859716477,349930,24097,34.428402,95.232828,33
859809502,442955,22923,38.054088,133.286916,33
859900595,534048,22712,38.755208,172.042124,33
859992152,625605,22983,37.862402,209.904526,33
860086855,720308,23844,35.162498,245.067024,33
860185560,819013,25245,31.379042,276.446066,33
860307205,940658,-121645,1.351368,276.446066,33
860379931,1013384,-14735,92.099592,276.446066,33
860434860,1068313,-69664,4.11845,276.446066,33
860492636,1126089,-127440,1.229312,276.446066,33
860555516,1188969,-16180,76.3848,276.446066,33
860623460,1256913,-17686,63.935432,276.446066,33
860698214,1331667,-20028,49.860098,276.446066,33
860784731,1418184,-23694,35.6168,276.446066,33
860902465,1535918,-35727,15.668802,276.446066,33
861188653,0,38833,13.26125,276,32.9
861324754,136101,31301,20.403272,33.664522,32.9
861439551,250898,27669,26.121992,59.786514,32.9
861542088,353435,24578,33.097248,92.883762,32.9
861636525,447872,23300,36.825362,129.709124,32.9
861729110,540457,23140,37.342082,167.051206,32.9
861822351,633698,23545,36.074018,203.125224,32.9
861919015,730362,24401,33.587208,236.712432,32.9
862023677,835024,28929,23.887872,260.600304,32.9
862123861,935208,-100184,1.992008,260.600304,32.9
862215122,1026469,-17980,61.849442,260.600304,32.9
862277229,1088576,-14713,92.371232,260.600304,32.9
862333796,1145143,-71280,3.931208,260.600304,32.9
862391486,1202833,-128970,1.20125,260.600304,32.9
862452766,1264113,-15974,78.3752,260.600304,32.9
862522673,1334020,-18828,56.413442,260.600304,32.9
862609567,1420914,-24316,33.817088,260.600304,32.9
862728174,1539521,-35069,16.256402,260.600304,32.9
863000861,0,40545,12.162312,260,33.1
863142391,141530,32011,19.506258,31.66857,33.1
863258263,257402,27728,26.006472,57.675042,33.1
863361783,360922,25007,31.968008,89.64305,33.1
863457729,456868,23762,35.414528,125.057578,33.1
863552357,551496,23628,35.819648,160.877226,33.1
863647902,647041,24137,34.328898,195.206124,33.1
863747732,746871,25352,31.110272,226.316396,33.1
863909778,908917,-33253,18.084098,226.316396,33.1
863990198,989337,-17903,62.38445,226.316396,33.1
864056146,1055285,-16320,75.080258,226.316396,33.1
864120950,1120089,-16590,72.649458,226.316396,33.1
864187703,1186842,-17407,65.987072,226.316396,33.1
864260328,1259467,-18989,55.461512,226.316396,33.1
864344555,1343694,-23364,36.6368,226.316396,33.1
864452203,1451342,-30787,21.099008,226.316396,33.1
864799179,0,37239,14.41845,226,33.3
864926563,127384,29586,22.835282,37.253732,33.3
865036946,237767,26361,28.773698,66.02743,33.3
865137166,337987,24170,34.229538,100.256968,33.3
865231126,431947,23138,37.342082,137.59905,33.3
865323496,524317,22999,37.810208,175.409258,33.3
865416775,617596,23504,36.193032,211.60229,33.3
865514253,715074,24889,32.272578,243.874868,33.3
865717633,918454,-28836,24.040178,243.874868,33.3
865797577,998398,-17639,64.275122,243.874868,33.3
865866573,1067394,-17064,68.6792,243.874868,33.3
865932748,1133569,-16604,72.528968,243.874868,33.3
865998023,1198844,-17308,66.747458,243.874868,33.3
866067994,1268815,-19034,55.188018,243.874868,33.3
866155909,1356730,-24667,32.853618,243.874868,33.3
866274777,1475598,-34667,16.634912,243.874868,33.3
866557927,0,41480,11.6162,243,34.1
866699512,141585,31782,19.794632,31.410832,34.1
866813679,255752,27273,26.879112,58.289944,34.1
866914740,356813,24220,34.080768,92.370712,34.1
867008177,450250,23216,37.100498,129.47121,34.1
867100732,542805,23143,37.3248,166.79601,34.1
867194252,636325,23616,35.853512,202.649522,34.1
867291417,733490,24569,33.1298,235.779322,34.1
867411070,853143,40891,11.95605,247.735372,34.1
867554300,996373,-18573,57.974912,247.735372,34.1
867617238,1059311,-15293,85.490888,247.735372,34.1
867677490,1119563,-15497,83.256608,247.735372,34.1
867739645,1181718,-15821,79.8848,247.735372,34.1
867803844,1245917,-16865,70.306082,247.735372,34.1
867875087,1317160,-18872,56.137608,247.735372,34.1
867960020,1402093,-23333,36.72245,247.735372,34.1
868074025,1516098,-33460,17.856288,247.735372,34.1
868386871,0,39203,13.005,247,32.8
868521195,134324,30357,21.700872,34.705872,32.8
868730528,343657,23754,35.431362,98.880596,32.8
868822590,435719,22656,38.949138,137.829734,32.8
868913529,526658,22708,38.772818,176.602552,32.8
869005032,618161,23069,37.567112,214.169664,32.8
869099925,713054,23968,34.811168,248.980832,32.8
869331068,944197,-21124,44.802578,248.980832,32.8
869402402,1015531,-17289,66.909312,248.980832,32.8
869469602,1082731,-17109,68.304672,248.980832,32.8
869538002,1151131,-17294,66.863048,248.980832,32.8
869607730,1220859,-18112,60.962882,248.980832,32.8
869684612,1297741,-20418,47.961218,248.980832,32.8
869774505,1387634,-24768,32.594738,248.980832,32.8
869893844,1506973,-34431,16.866432,248.980832,32.8
870207760,0,38501,13.488818,248,32.9
870340753,132993,30219,21.898962,35.38778,32.9
870451668,243908,26567,28.335392,63.723172,32.9
870550484,342724,23720,35.53245,99.255622,32.9
870642491,434731,22700,38.80805,138.063672,32.9
870733445,525685,22711,38.772818,176.83649,32.9
870825169,617409,23132,37.376658,214.213148,32.9
870920585,712825,24186,34.179912,248.39306,32.9
871046568,838808,47896,8.711138,257.104198,32.9
871182000,974240,-19802,50.984802,257.104198,32.9
871248951,1041191,-16054,77.575968,257.104198,32.9
871310841,1103081,-15822,79.8848,257.104198,32.9
871373503,1165743,-16005,78.075008,257.104198,32.9
871438391,1230631,-16841,70.495938,257.104198,32.9
871510344,1302584,-19049,55.104002,257.104198,32.9
871593597,1385837,-22487,39.551618,257.104198,32.9
871701379,1493619,-31333,20.364962,257.104198,32.9
872011873,0,38626,13.395488,257,33.2
872146300,134427,30143,22.004978,35.400466,33.2
872256891,245018,26486,28.50125,63.901716,33.2
872355517,343644,23542,36.074018,99.975734,33.2
872447554,435681,22788,38.509088,138.484822,33.2
872538917,527044,22795,38.473992,176.958814,33.2
872631136,619263,23274,36.911232,213.870046,33.2
872727211,715338,24424,33.521672,247.391718,33.2
872911669,899796,-31034,20.762568,247.391718,33.2
873003563,991690,-21226,44.387042,247.391718,33.2
873083917,1072044,-19868,50.662178,247.391718,33.2
873159144,1147271,-18573,57.974912,247.391718,33.2
873231916,1220043,-18436,58.839552,247.391718,33.2
873308075,1296202,-19741,51.30845,247.391718,33.2
873393396,1381523,-22671,38.8962,247.391718,33.2
873500689,1488816,-31214,20.518418,247.391718,33.2
873821763,0,39071,13.096962,247,33.1
873960655,138892,31799,19.769472,32.866434,33.1
874177151,355388,24495,33.325448,92.8807,33.1
874272145,450382,23574,35.972162,128.852862,33.1
874366455,544692,23491,36.227072,165.079934,33.1
874461465,639702,23865,35.1122,200.192134,33.1
874560037,738274,25006,31.984002,232.176136,33.1
874788755,966992,-21569,42.984992,232.176136,33.1
874860441,1038678,-17335,66.539648,232.176136,33.1
874930092,1108329,-17961,61.982978,232.176136,33.1
875001338,1179575,-18093,61.073352,232.176136,33.1
875072815,1251052,-18410,58.991522,232.176136,33.1
875149370,1327607,-20147,49.262738,232.176136,33.1
875240596,1418833,-25936,29.72205,232.176136,33.1
875363004,1541241,-35074,16.256402,232.176136,33.1
875677467,0,40434,12.231458,232,32.3
875819239,141772,32072,19.431378,31.662836,32.3
875933996,256529,27513,26.411912,58.074748,32.3
876036760,359293,24610,33.015938,91.090686,32.3
876132034,454567,23604,35.887392,126.978078,32.3
876226298,548831,23547,36.057032,163.03511,32.3
876321128,643661,23890,35.02845,198.06356,32.3
876419294,741827,24853,32.369058,230.432618,32.3
876724222,1046755,-17545,64.957202,230.432618,32.3
876796355,1118888,-18778,56.71125,230.432618,32.3
876872988,1195521,-19616,51.958818,230.432618,32.3
876951447,1273980,-20349,48.294792,230.432618,32.3
877038638,1361171,-23586,35.938242,230.432618,32.3
877151118,1473651,-33215,18.1202,230.432618,32.3
877401215,1723748,-112217,1.587762,230.432618,32.3
879103034,3425567,-90852,2.42,230.432618,32.3
