workout_time,stroke_time,inst_drag,stroke_power,spm
175191849,175191849,17237,17237,0
175706808,175706808,9721,26958,0
176029925,176029925,14347,41305,0
176261292,176261292,19210,60515,0
176450751,176450751,21753,82268,0
176640089,176640089,20476,102744,0
176843224,176843224,19074,121818,0
177215903,177215903,-19701,0,0
177372040,177372040,-27236,0,0
177502699,177502699,-31276,0,0
177628799,177628799,-30681,0,0
177778493,177778493,-22890,0,0
178047779,178047779,-12116,0,0
178332493,178332493,-14865,0,0
178855324,0,10330,10330,0
179143124,287800,16466,26796,0
179351269,495945,20562,47358,0
179525093,669769,24732,72090,0
179677608,822284,27144,99234,0
179820905,965581,28269,127503,0
179967004,1111680,26702,154205,0
180321656,1466332,-23724,0,0
180449245,1593921,-33042,0,0
180559981,1704657,-36601,0,0
180669109,1813785,-35159,0,0
180796862,1941538,-28340,0,0
180978196,2122872,-18397,0,0
181186862,2331538,-20745,0,0
181405444,2550120,-13709,0,0
181703700,0,22479,22479,52
181849131,145431,30590,53069,52
181964384,260684,37224,90293,52
182064028,360328,41704,131997,52
182156541,452841,44050,176047,52
182245912,542212,45040,221087,52
182336550,632850,43066,264153,52
182630378,926678,-33159,0,52
182724846,1021146,-45998,0,52
182803357,1099657,-51824,0,52
182877808,1174108,-52929,0,52
182958509,1254809,-45564,0,52
183072943,1369243,-28673,0,52
183217178,1513478,-28027,0,52
183366878,1663178,-24608,0,52
183627462,0,19870,19870,116
183789976,162514,26670,46540,116
183926666,299204,30925,77465,116
184043763,416301,36251,113716,116
184147635,520173,40014,153730,116
184243932,616470,42142,195872,116
184337766,710304,42938,238810,116
184433411,805949,40988,279798,116
184763819,1136357,-29013,0,116
184866818,1239356,-43626,0,116
184948657,1321195,-49925,0,116
185027265,1399803,-49453,0,116
185108700,1481238,-47519,0,116
185204449,1576987,-36565,0,116
185347291,1719829,-25204,0,116
185504838,1877376,-23188,0,116
185752257,0,17084,17084,157
185915478,163221,26783,43867,157
186052981,300724,30577,74444,157
186173003,420746,35031,109475,157
186279489,527232,39064,148539,157
186377986,625729,41380,189919,157
186473600,721343,42117,232036,157
186569610,817353,41225,273261,157
186839653,1087396,-32434,0,157
186959064,1206807,-35587,0,157
187055546,1303289,-43838,0,157
187149526,1397269,-38918,0,157
187272514,1520257,-30252,0,157
187402060,1649803,-29504,0,157
187550236,1797979,-25100,0,157
187797710,2045453,-10004,0,157
188407223,0,10151,10151,174
189370396,963173,20364,30515,174
189522179,1114956,29238,59753,174
189647103,1239880,33947,93700,174
189758774,1351551,36850,130550,174
189864561,1457338,38458,169008,174
189969682,1562459,37465,206473,174
190224356,1817133,-34794,0,174
190314403,1907180,-47105,0,174
190393021,1985798,-50893,0,174
190470280,2063057,-51342,0,174
190547098,2139875,-50743,0,174
190635930,2228707,-38789,0,174
190760154,2352931,-28603,0,174
190919252,2512029,-21236,0,174
191166063,0,15697,15697,184
191331927,165864,25916,41613,184
191473648,307585,29999,71612,184
191595653,429590,34596,106208,184
191703664,537601,38431,144639,184
191804290,638227,40239,184878,184
191903675,737612,40278,225156,184
192005867,839804,38317,263473,184
192312746,1146683,-31919,0,184
192409754,1243691,-44060,0,184
192491861,1325798,-49818,0,184
192569584,1403521,-50515,0,184
192653772,1487709,-44359,0,184
192760783,1594720,-31803,0,184
192916834,1750771,-23855,0,184
193092256,1926193,-18990,0,184
193284937,0,5189,5189,208
193457370,172433,25450,30639,208
193599351,314414,30363,61002,208
193720771,435834,34769,95771,208
193828093,543156,38824,134595,208
193927340,642403,40918,175513,208
194023986,739049,41633,217146,208
194122034,837097,40064,257210,208
194422052,1137115,-28678,0,208
194530308,1245371,-39864,0,208
194622641,1337704,-44144,0,208
194708600,1423663,-45173,0,208
194808980,1524043,-35366,0,208
194963208,1678271,-22446,0,208
195110600,1825663,-29143,0,208
195262497,1977560,-22018,0,208
195472639,0,4758,4758,224
195639618,166979,26323,31081,224
195777566,304927,31019,62100,224
195896194,423555,35444,97544,224
196001747,529108,39433,136977,224
196099457,626818,41605,178582,224
196194820,722181,42146,220728,224
196292381,819742,40118,260846,224
196571635,1098996,-28382,0,224
196681984,1209345,-38860,0,224
196779532,1306893,-40183,0,224
196892223,1419584,-30841,0,224
197035075,1562436,-27327,0,224
197178038,1705399,-28341,0,224
197318834,1846195,-27354,0,224
197496686,2024047,-17379,0,224
197652836,0,34627,34627,236
197825122,172286,26616,61243,236
197959952,307116,31637,92880,236
198076539,423703,36125,129005,236
198179809,526973,40210,169215,236
198275752,622916,42306,211521,236
198369952,717116,42605,254126,236
198466029,813193,40793,294919,236
198749915,1097079,-26638,0,236
198864285,1211449,-37192,0,236
198968637,1315801,-37415,0,236
199085882,1433046,-30284,0,236
199228923,1576087,-26886,0,236
199371666,1718830,-27209,0,236
199517764,1864928,-26865,0,236
199691356,2038520,-19754,0,236
199882172,0,5240,5240,244
200054843,172671,25856,31096,244
200194909,312737,30602,61698,244
200315175,433003,35138,96836,244
200421213,539041,39246,136082,244
200519135,636963,41569,177651,244
200614917,732745,41839,219490,244
200713176,831004,39964,259454,244
200995941,1113769,-25536,0,244
201121060,1238888,-32606,0,244
201244090,1361918,-32225,0,244
201371311,1489139,-29501,0,244
201520804,1638632,-25079,0,244
201676339,1794167,-26438,0,244
201819366,1937194,-27338,0,244
201997008,2114836,-18059,0,244
202158483,0,6192,6192,248
202335675,177192,25469,31661,248
202479096,320613,29835,61496,248
202601982,443499,34460,95956,248
202708939,550456,39114,135070,248
202806738,648255,41701,176771,248
202901887,743404,42128,218899,248
203000098,841615,39586,258485,248
203269058,1110575,-22607,0,248
203396999,1238516,-33312,0,248
203511939,1353456,-33816,0,248
203640743,1482260,-28077,0,248
203798010,1639527,-24183,0,248
203949507,1791024,-27587,0,248
204090442,1931959,-27126,0,248
204283648,2125165,-15559,0,248
204628525,0,25267,25267,246
204768228,139703,31006,56273,246
204886298,257773,35869,92142,246
204989556,361031,40233,132375,246
205084959,456434,42638,175013,246
205178015,549490,43138,218151,246
205273172,644647,41052,259203,246
205571008,942483,-22895,0,246
205704174,1075649,-32172,0,246
205825365,1196840,-31796,0,246
205962424,1333899,-26690,0,246
206128663,1500138,-22891,0,246
206302827,1674302,-21749,0,246
206458622,1830097,-27590,0,246
206623452,1994927,-20235,0,246
206814538,0,5233,5233,253
206988019,173481,26022,31255,253
207124265,309727,31415,62670,253
207239946,425408,36568,99238,253
207341889,527351,40680,139918,253
207436421,621883,42936,182854,253
207529018,714480,43293,226147,253
207624401,809863,40990,267137,253
207894884,1080346,-23743,0,253
208017669,1203131,-35160,0,253
208128203,1313665,-35385,0,253
208255162,1440624,-28169,0,253
208434467,1619929,-18775,0,253
208624297,1809759,-23307,0,253
208768985,1954447,-27798,0,253
208933441,2118903,-21209,0,253
209174015,0,12766,12766,253
209341758,167743,26318,39084,253
209478238,304223,31295,70379,253
209594614,420599,36209,106588,253
209697918,523903,40147,146735,253
209794549,620534,42107,188842,253
209889856,715841,41846,230688,253
209989195,815180,39132,269820,253
210246913,1072898,-21788,0,253
210384048,1210033,-30013,0,253
210521991,1347976,-27750,0,253
210676442,1502427,-23917,0,253
210855267,1681252,-21280,0,253
211040416,1866401,-22387,0,253
211194300,2020285,-27025,0,253
211363803,2189788,-19649,0,253
211573446,0,4770,4770,252
211745089,171643,26487,31257,252
211878830,305384,31745,63002,252
211993404,419958,36825,99827,252
212095184,521738,40666,140493,252
212190291,616845,42649,183142,252
212283647,710201,42947,226089,252
212379378,805932,40973,267062,252
212670701,1097255,-23767,0,252
212795691,1222245,-33543,0,252
212915528,1342082,-31468,0,252
213064129,1490683,-23946,0,252
213249131,1675685,-20074,0,252
213429339,1855893,-24841,0,252
213567416,1993970,-29791,0,252
213723431,2149985,-21348,0,252
213969115,0,14240,14240,251
214140987,171872,25524,39764,251
214281263,312148,30498,70262,251
214400917,431802,35393,105655,251
214506091,536976,39636,145291,251
214602972,633857,41995,187286,251
214697518,728403,42488,229774,251
214794142,825027,40508,270282,251
215075113,1105998,-24194,0,251
215208136,1239021,-30743,0,251
215332229,1363114,-31852,0,251
215469012,1499897,-26259,0,251
215643554,1674439,-21750,0,251
215809329,1840214,-25414,0,251
215954980,1985865,-27010,0,251
216128632,2159517,-18718,0,251
216339281,0,4747,4747,251
216519579,180298,24958,29705,251
216660611,321330,30948,60653,251
216778587,439306,35937,96590,251
216881784,542503,40317,136907,251
216977006,637725,42705,179612,251
217069740,730459,43308,222920,251
217164332,825051,41413,264333,251
217435787,1096506,-26574,0,251
217557669,1218388,-33202,0,251
217677758,1338477,-31896,0,251
217812907,1473626,-26988,0,251
217977292,1638011,-22907,0,251
218143497,1804216,-25028,0,251
218291289,1952008,-26698,0,251
218468661,2129380,-18139,0,251
218737307,0,3722,3722,250
218912051,174744,25085,28807,250
219053711,316404,30538,59345,250
219173685,436378,35148,94493,250
219279052,541745,39569,134062,250
219376010,638703,42018,176080,250
219469756,732449,43118,219198,250
219564195,826888,41611,260809,250
219862180,1124873,-23167,0,250
219989739,1252432,-33982,0,250
220102198,1364891,-35656,0,250
220222689,1485382,-31191,0,250
220371923,1634616,-24110,0,250
220548827,1811520,-22114,0,250
220714764,1977457,-25108,0,250
220894775,2157468,-18207,0,250
221182904,0,12994,12994,248
221356161,173257,25197,38191,248
221498118,315214,30136,68327,248
221618829,435925,35010,103337,248
221725189,542285,38978,142315,248
221823991,641087,41155,183470,248
221920523,737619,41590,225060,248
222019732,836828,39429,264489,248
222289720,1106816,-24666,0,248
222415392,1232488,-32676,0,248
222535815,1352911,-32398,0,248
222669978,1487074,-27389,0,248
222836073,1653169,-21972,0,248
223013653,1830749,-23128,0,248
223175044,1992140,-24763,0,248
223361399,2178495,-17501,0,248
223594126,0,4296,4296,248
223773254,179128,25005,29301,248
223915157,321031,30302,59603,248
224035123,440997,35385,94988,248
224140424,546298,39348,134336,248
224238725,644599,41150,175486,248
224336330,742204,40896,216382,248
224437456,843330,38562,254944,248
224719762,1125636,-22603,0,248
224845655,1251529,-33008,0,248
224963179,1369053,-32900,0,248
225095122,1500996,-27486,0,248
225275463,1681337,-19473,0,248
225477543,1883417,-21323,0,248
225635892,2041766,-25955,0,248
225823731,2229605,-16695,0,248
226027566,0,4905,4905,247
226214719,187153,24531,29436,247
226358537,330971,30211,59647,247
226478409,450843,35496,95143,247
226583106,555540,39575,134718,247
226680596,653030,41631,176349,247
226775749,748183,42178,218527,247
226872376,844810,40652,259179,247
227135483,1107917,-24903,0,247
227261653,1234087,-33122,0,247
227378198,1350632,-33646,0,247
227507854,1480288,-27339,0,247
227686002,1658436,-20431,0,247
227874955,1847389,-22309,0,247
228033131,2005565,-26167,0,247
228211369,2183803,-18251,0,247
228435235,0,4466,4466,247
228612893,177658,25200,29666,247
228754938,319703,30238,59904,247
228875956,440721,34874,94778,247
228982649,547414,38834,133612,247
229082560,647325,40541,174153,247
229180797,745562,40744,214897,247
229282419,847184,38465,253362,247
229568284,1133049,-23586,0,247
229689148,1253913,-35824,0,247
229799321,1364086,-34702,0,247
229924955,1489720,-28517,0,247
230088478,1653243,-22157,0,247
230290647,1855412,-19254,0,247
230460485,2025250,-25018,0,247
230651238,2216003,-16129,0,247
230826257,0,25922,25922,247
231019680,193423,24201,50123,247
231165533,339276,29673,79796,247
231291096,464839,33541,113337,247
231403186,576929,36851,150188,247
231508364,682107,38477,188665,247
231612891,786634,38181,226846,247
231720908,894651,36197,263043,247
231987685,1161428,-23570,0,247
232108423,1282166,-36094,0,247
232214777,1388520,-37324,0,247
232326812,1500555,-33013,0,247
232473688,1647431,-23539,0,247
232659634,1833377,-21858,0,247
232815424,1989167,-26346,0,247
232985608,2159351,-19769,0,247
233217687,0,4308,4308,247
233395030,177343,25181,29489,247
233535487,317800,30585,60074,247
233653266,435579,35978,96052,247
233757416,539729,39785,135837,247
233855155,637468,41312,177149,247
233953098,735411,40577,217726,247
234055519,837832,37927,255653,247
234328292,1110605,-24137,0,247
234453912,1236225,-33472,0,247
234569331,1351644,-34285,0,247
234696581,1478894,-28518,0,247
234869790,1652103,-20288,0,247
235056864,1839177,-22939,0,247
235213971,1996284,-25813,0,247
235398786,2181099,-17285,0,247
235636210,0,4211,4211,247
235814010,177800,25007,29218,247
235957173,320963,30160,59378,247
236076335,440125,35611,94989,247
236180520,544310,39998,134987,247
236277224,641014,41944,176931,247
236372441,736231,42011,218942,247
236470992,834782,39673,258615,247
236756998,1120788,-24408,0,247
236878670,1242460,-34584,0,247
236990780,1354570,-34457,0,247
237116084,1479874,-29189,0,247
237279156,1642946,-22398,0,247
237451600,1815390,-23794,0,247
237607400,1971190,-25798,0,247
237790680,2154470,-17962,0,247
238029945,0,4179,4179,247
238205753,175808,25226,29405,247
238345040,315095,31012,60417,247
238462641,432696,36095,96512,247
238566082,536137,40096,136608,247
238662795,632850,42000,178608,247
238757722,727777,42169,220777,247
238855224,825279,40201,260978,247
239154784,1124839,-21943,0,247
239288709,1258764,-31969,0,247
239410461,1380516,-31991,0,247
239545605,1515660,-26885,0,247
239726673,1696728,-19826,0,247
239910667,1880722,-23515,0,247
240061761,2031816,-26352,0,247
240233906,2203961,-20296,0,247
240505022,0,15578,15578,245
240678314,173292,25350,40928,245
240821280,316258,29738,70666,245
240943279,438257,34671,105337,245
241050646,545624,38951,144288,245
241149303,644281,41389,185677,245
241245106,740084,41932,227609,245
241343241,838219,39753,267362,245
241642335,1137313,-21915,0,245
241774799,1269777,-32257,0,245
241896126,1391104,-32095,0,245
242028214,1523192,-27817,0,245
242204702,1699680,-19574,0,245
242406797,1901775,-20992,0,245
242565122,2060100,-26369,0,245
242742617,2237595,-18441,0,245
242972573,0,4348,4348,244
243162230,189657,23753,28101,244
243311363,338790,28985,57086,244
243436263,463690,34104,91190,244
243544661,572088,38446,129636,244
243644625,672052,40665,170301,244
243743518,770945,40191,210492,244
243846826,874253,37654,248146,244
244139561,1166988,-21896,0,244
244271608,1299035,-32133,0,244
244397294,1424721,-31139,0,244
244535008,1562435,-26180,0,244
244724317,1751744,-20976,0,244
244899216,1926643,-24127,0,244
245056291,2083718,-24721,0,244
245248310,2275737,-16803,0,244
245489123,0,4152,4152,242
245673728,184605,24690,28842,242
245813734,324611,31039,59881,242
245930384,441261,36460,96341,242
246032137,543014,40901,137242,242
246126929,637806,42977,180219,242
246219983,730860,42854,223073,242
246316495,827372,40404,263477,242
246607455,1118332,-22009,0,242
246748095,1258972,-29533,0,242
246873654,1384531,-31956,0,242
247003977,1514854,-28260,0,242
247179709,1690586,-20270,0,242
247371939,1882816,-21226,0,242
247549488,2060365,-22634,0,242
247772292,2283169,-13254,0,242
248130414,0,23020,23020,238
248287893,157479,27359,50379,238
248420895,290481,32036,82415,238
248535175,404761,36854,119269,238
248637535,507121,40048,159317,238
248734832,604418,41621,200938,238
248832113,701699,40417,241355,238
249108388,977974,-24495,0,238
249228965,1098551,-35477,0,238
249330885,1200471,-39560,0,238
249437317,1306903,-33866,0,238
249598992,1468578,-20311,0,238
249797543,1667129,-21321,0,238
249955825,1825411,-25996,0,238
250145065,2014651,-16831,0,238
250333019,0,5320,5320,246
250519208,186189,24140,29460,246
250666533,333514,29407,58867,246
250790895,457876,34154,93021,246
250898807,565788,38779,131800,246
250997195,664176,41492,173292,246
251092749,759730,41999,215291,246
251190845,857826,39869,255160,246
251489113,1156094,-23608,0,246
251616125,1283106,-32986,0,246
251734764,1401745,-33239,0,246
251861909,1528890,-28757,0,246
252028912,1695893,-21299,0,246
252223597,1890578,-20580,0,246
252397905,2064886,-23435,0,246
252595940,2262921,-16568,0,246
252851328,0,3915,3915,244
253038657,187329,23692,27607,244
253187083,335755,29030,56637,244
253312873,461545,33924,90561,244
253421584,570256,38529,129090,244
253520669,669341,41223,170313,244
253616813,765485,41710,212023,244
253715007,863679,39936,251959,244
254063445,1212117,-21203,0,244
254201299,1349971,-31852,0,244
254322104,1470776,-32757,0,244
254453938,1602610,-27431,0,244
254638029,1786701,-19018,0,244
254825326,1973998,-21859,0,244
254997248,2145920,-22943,0,244
255213933,2362605,-14162,0,244
255415855,0,8854,8854,241
255612982,197127,22878,31732,241
255766884,351029,28312,60044,241
255894453,478598,33532,93576,241
256004120,588265,38205,131781,241
256103827,687972,40988,172769,241
256200188,784333,41701,214470,241
256298846,882991,39563,254033,241
256574143,1158288,-21176,0,241
256712905,1297050,-30584,0,241
256843444,1427589,-30114,0,241
256986777,1570922,-26129,0,241
257172369,1756514,-18726,0,241
257365900,1950045,-21505,0,241
257536134,2120279,-22920,0,241
257755498,2339643,-14926,0,241
257979864,0,4457,4457,239
258169167,189303,23594,28051,239
258319986,340122,28668,56719,239
258445944,466080,33929,90648,239
258554498,574634,38508,129156,239
258653792,673928,40923,170079,239
258751219,771355,40931,211010,239
258854356,874492,36358,247368,239
259143044,1163180,-20640,0,239
259282684,1302820,-30080,0,239
259408476,1428612,-31776,0,239
259538893,1559029,-28631,0,239
259713866,1734002,-19255,0,239
259947484,1967620,-17994,0,239
260119587,2139723,-25480,0,239
260305599,2325735,-17000,0,239
260499612,0,5154,5154,238
260692804,193192,24245,29399,238
260838661,339049,29407,58806,238
260961600,461988,34564,93370,238
261068577,568965,38996,132366,238
261167110,667498,41223,173589,238
261264745,765133,40763,214352,238
261368193,868581,36162,250514,238
261673193,1173581,-21069,0,238
261816622,1317010,-28899,0,238
261952395,1452783,-28532,0,238
262107009,1607397,-23017,0,238
262305838,1806226,-19998,0,238
262501434,2001822,-21019,0,238
262685913,2186301,-21086,0,238
263185580,0,23119,23119,234
263332796,147216,29493,52612,234
263455720,270140,34787,87399,234
263561636,376056,39429,126828,234
263658984,473404,41851,168679,234
263754353,568773,42013,210692,234
263852761,667181,39622,250314,234
264219855,1034275,-17722,0,234
264364682,1179102,-30947,0,234
264493539,1307959,-30334,0,234
264643083,1457503,-23686,0,234
264859979,1674399,-15567,0,234
265058035,1872455,-23213,0,234
265217433,2031853,-24566,0,234
265407645,2222065,-16973,0,234
265562890,0,26279,26279,238
265759447,196557,23673,49952,238
265911862,348972,27961,77913,238
266042341,479451,32623,110536,238
266155328,592438,37012,147548,238
266258464,695574,39613,187161,238
266359033,796143,39769,226930,238
266463699,900809,36870,263800,238
266748372,1185482,-20956,0,238
266884954,1322064,-31532,0,238
267008785,1445895,-31636,0,238
267149348,1586458,-24993,0,238
267356852,1793962,-16935,0,238
267553872,1990982,-21525,0,238
267728612,2165722,-22425,0,238
267952843,2389953,-12998,0,238
268277534,0,22933,22933,233
268432635,155101,27991,50924,233
268560918,283384,33444,84368,233
268671139,393605,37947,122315,233
268771694,494160,40572,162887,233
268869534,592000,40926,203813,233
268970600,693066,38298,242111,233
269269043,991509,-19405,0,233
269419720,1142186,-27895,0,233
269577260,1299726,-21906,0,233
269773432,1495898,-19394,0,233
269980522,1702988,-18643,0,233
270162506,1884972,-23675,0,233
270328753,2051219,-22362,0,233
270851874,0,22421,22421,233
271002896,151022,29124,51545,233
271128189,276315,34032,85577,233
271236440,384566,38495,124072,233
271336084,484210,40788,164860,233
271433651,581777,40918,205778,233
271534991,683117,38411,244189,233
271855148,1003274,-18527,0,233
272012741,1160867,-27158,0,233
272163884,1312010,-24055,0,233
272363611,1511737,-18351,0,233
272580038,1728164,-18826,0,233
272752784,1900910,-24920,0,233
272907765,2055891,-24653,0,233
273152250,2300376,-10442,0,233
273449823,0,22281,22281,232
273603397,153574,28472,50753,232
273732481,282658,32815,83568,232
273845687,395864,36624,120192,232
273950853,501030,38675,158867,232
274054320,604497,38705,197572,232
274161257,711434,36492,234064,232
274505078,1055255,-20533,0,232
274659975,1210152,-26619,0,232
274803195,1353372,-27164,0,232
274967716,1517893,-21750,0,232
275177487,1727664,-18180,0,232
275368749,1918926,-22295,0,232
275533105,2083282,-24288,0,232
275735590,2285767,-15607,0,232
275912713,0,24662,24662,234
276117898,205185,22888,47550,234
276274013,361300,27619,75169,234
276402265,489552,33409,108578,234
276511663,598950,38430,147008,234
276611134,698421,41062,188070,234
276707896,795183,41455,229525,234
276807665,894952,39045,268570,234
277096936,1184223,-21780,0,234
277234818,1322105,-30452,0,234
277366197,1453484,-29492,0,234
277523700,1610987,-21957,0,234
277731617,1818904,-19928,0,234
277927443,2014730,-21450,0,234
278102138,2189425,-22773,0,234
278320912,2408199,-13976,0,234
278666886,0,23619,23619,229
278812636,145750,29999,53618,229
278933901,267015,35075,88693,229
279039429,372543,39514,128207,229
279137419,470533,41437,169644,229
279234436,567550,41061,210705,229
279336394,669508,37358,248063,229
279633995,967109,-17252,0,229
279786126,1119240,-28500,0,229
279932286,1265400,-25459,0,229
280118596,1451710,-18350,0,229
280368266,1701380,-18012,0,229
280564686,1897800,-22032,0,229
280740229,2073343,-21862,0,229
281006896,2340010,-9709,0,229
281290570,0,22608,22608,228
281440544,149974,29508,52116,228
281563467,272897,34555,86671,228
281670368,379798,38886,125557,228
281770317,479747,40497,166054,228
281869646,579076,40040,206094,228
281975174,684604,35469,241563,228
282268411,977841,-17299,0,228
282422228,1131658,-27793,0,228
282575763,1285193,-25262,0,228
282766525,1475955,-18594,0,228
282992089,1701519,-18594,0,228
283163701,1873131,-24771,0,228
283319855,2029285,-24924,0,228
283522630,2232060,-15181,0,228
283732824,0,4757,4757,232
283925327,192503,23887,28644,232
284071076,338252,29815,58459,232
284191244,458420,35438,93897,232
284296551,563727,39436,133333,232
284394855,662031,41228,174561,232
284492177,759353,40904,215465,232
284593387,860563,38451,253916,232
284887157,1154333,-18127,0,232
285054111,1321287,-24734,0,232
285224828,1492004,-21078,0,232
285472998,1740174,-14412,0,232
285689083,1956259,-19709,0,232
285866269,2133445,-23396,0,232
286033537,2300713,-23127,0,232
286238622,2505798,-16969,0,232
286485764,0,4046,4046,228
286673751,187987,24020,28066,228
286817539,331775,30223,58289,228
286935265,449501,36218,94507,228
287038965,553201,39971,134478,228
287136412,650648,41559,176037,228
287233256,747492,41189,217226,228
287334590,848826,37921,255147,228
287648317,1162553,-17841,0,228
287804789,1319025,-27753,0,228
287971994,1486230,-20151,0,228
288234278,1748514,-14573,0,228
288436281,1950517,-22038,0,228
288601520,2115756,-24127,0,228
288770051,2284287,-22532,0,228
289006219,2520455,-13541,0,228
289348502,0,24312,24312,223
289491505,143003,30191,54503,223
289610857,262355,35359,89862,223
289717769,369267,38686,128548,223
289818805,470303,40110,168658,223
289919092,570590,39662,208320,223
290024096,675594,36556,244876,223
290331081,982579,-16599,0,223
290509694,1161192,-22599,0,223
290701590,1353088,-18369,0,223
290951892,1603390,-14104,0,223
291178107,1829605,-20139,0,223
291349419,2000917,-24103,0,223
291512373,2163871,-23825,0,223
291705731,2357229,-18390,0,223
291936941,0,4325,4325,225
292121746,184805,24453,28778,225
292266386,329445,29489,58267,225
292389612,452671,34308,92575,225
292500422,563481,37147,129722,225
292605053,668112,38690,168412,225
292709218,772277,38237,206649,225
292818195,881254,35541,242190,225
293092361,1155420,-16106,0,225
293270842,1333901,-23602,0,225
293460146,1523205,-18997,0,225
293736415,1799474,-12431,0,225
293977759,2040818,-18467,0,225
294163027,2226086,-23204,0,225
294326318,2389377,-23894,0,225
294506933,2569992,-20344,0,225
294773392,0,14480,14480,221
294958264,184872,24626,39106,221
295098422,325030,31261,70367,221
295212857,439465,37026,107393,221
295314442,541050,40783,148176,221
295409846,636454,42414,190590,221
295505062,731670,41675,232265,221
295605827,832435,37620,269885,221
295916423,1143031,-18018,0,221
296094519,1321127,-22054,0,221
296293788,1520396,-18082,0,221
296554542,1781150,-13328,0,221
296797842,2024450,-18591,0,221
296986338,2212946,-21845,0,221
297162818,2389426,-22369,0,221
297362525,2589133,-17460,0,221
297610880,0,4026,4026,218
297800401,189521,23676,27702,218
297945913,335033,29974,57676,218
298064534,453654,36062,93738,218
298168381,557501,40062,133800,218
298265423,654543,41758,175558,218
298361774,750894,41346,216904,218
298462523,851643,38213,255117,218
298820490,1209610,-15919,0,218
299008877,1397997,-22884,0,218
299191924,1581044,-19895,0,218
299457090,1846210,-12178,0,218
299737178,2126298,-17811,0,218
299928717,2317837,-21377,0,218
300117586,2506706,-20417,0,218
300364847,2753967,-12073,0,218
300545629,0,21836,21836,214
300753221,207592,23096,44932,214
300904035,358406,28752,73684,214
301026831,481202,34883,108567,214
301133251,587622,39373,147940,214
301231166,685537,41612,189552,214
301326774,781145,41884,231436,214
301424889,879260,39918,271354,214
301760981,1215352,-17441,0,214
301942838,1397209,-22954,0,214
302130624,1584995,-19245,0,214
302363493,1817864,-16565,0,214
302554990,2009361,-22335,0,214
302716738,2171109,-25214,0,214
302872111,2326482,-24904,0,214
303077154,2531525,-14890,0,214
303245581,0,23563,23563,216
303445616,200035,23873,47436,216
303593293,347712,29203,76639,216
303715764,470183,34806,111445,216
303822592,577011,39080,150525,216
303921391,675810,41115,191640,216
304019215,773634,40693,232333,216
304121727,876146,37235,269568,216
304429531,1183950,-17525,0,216
304603137,1357556,-23385,0,216
304784193,1538612,-20796,0,216
305029087,1783506,-14060,0,216
305263797,2018216,-19103,0,216
305442284,2196703,-23288,0,216
305612167,2366586,-22509,0,216
305815004,2569423,-17584,0,216
306055211,0,4163,4163,215
306251457,196246,22957,27120,215
306402415,347204,28453,55573,215
306527417,472206,34297,89870,215
306634780,579569,39165,129035,215
306732104,676893,41914,170949,215
306826729,771518,42322,213271,215
306923758,868547,40345,253616,215
307260692,1205481,-17225,0,215
307449766,1394555,-20971,0,215
307675804,1620593,-14089,0,215
307968997,1913786,-14034,0,215
308210236,2155025,-17784,0,215
308402572,2347361,-21767,0,215
308579223,2524012,-22121,0,215
308786197,2730986,-16589,0,215
309006697,0,4535,4535,212
309193369,186672,24346,28881,212
309338905,332208,29668,58549,212
309459414,452717,35198,93747,212
309565520,558823,39232,132979,212
309663868,657171,41281,174260,212
309759844,753147,41734,215994,212
309858412,851715,39652,255646,212
310193787,1187090,-18183,0,212
310368895,1362198,-22650,0,212
310575455,1568758,-17016,0,212
310890932,1884235,-11379,0,212
311149899,2143202,-18770,0,212
311337304,2330607,-21642,0,212
311528352,2521655,-19884,0,212
311788551,2781854,-11394,0,212
312137885,0,22885,22885,206
312285194,147309,30005,52890,206
312404172,266287,35778,88668,206
312508225,370340,39992,128660,206
312604378,466493,42317,170977,206
312698605,560720,42544,213521,206
312795770,657885,40194,253715,206
313158625,1020740,-14671,0,206
313365261,1227376,-18780,0,206
313595248,1457363,-16350,0,206
313852259,1714374,-14540,0,206
314106229,1968344,-18598,0,206
314282537,2144652,-22937,0,206
314441695,2303810,-25352,0,206
314633686,2495801,-16864,0,206
314841621,0,4809,4809,209
315034830,193209,24235,29044,209
315177153,335532,30575,59619,209
315293776,452155,36571,96190,209
315395956,554335,40676,136866,209
315490586,648965,42885,179751,209
315583534,741913,43064,222815,209
315679159,837538,40929,263744,209
315989249,1147628,-18646,0,209
316161228,1319607,-23637,0,209
316343921,1502300,-19739,0,209
316606061,1764440,-13507,0,209
316831545,1989924,-21168,0,209
317002362,2160741,-23345,0,209
317180102,2338481,-21582,0,209
317394302,2552681,-16467,0,209
317610549,0,4624,4624,210
317793866,183317,24837,29461,210
317935579,325030,30517,59978,210
318051451,440902,36877,96855,210
318152436,541887,41317,138172,210
318246057,635508,43286,181458,210
318338128,727579,43434,224892,210
318433159,822610,40980,265872,210
318739390,1128841,-18469,0,210
318915052,1304503,-23463,0,210
319102815,1492266,-18310,0,210
319355332,1744783,-14573,0,210
319599643,1989094,-18971,0,210
319785578,2175029,-21588,0,210
319977708,2367159,-19261,0,210
320227945,2617396,-12482,0,210
320581705,0,24074,24074,207
320720410,138705,31557,55631,207
320834354,252649,37273,92904,207
320934613,352908,41440,134344,207
321027915,446210,43440,177784,207
321120157,538452,43243,221027,207
321215630,633925,40966,261993,207
321508109,926404,-21105,0,207
321665783,1084078,-24925,0,207
321839103,1257398,-20946,0,207
322077620,1495915,-15185,0,207
322311472,1729767,-19002,0,207
322486379,1904674,-23883,0,207
322664789,2083084,-20249,0,207
322922893,2341188,-12675,0,207
323104197,0,25110,25110,214
323310412,206215,22549,47659,214
323465603,361406,28267,75926,214
323590335,486138,34536,110462,214
323696547,592350,39373,149835,214
323794009,689812,41856,191691,214
323888997,784800,42292,233983,214
323986689,882492,39998,273981,214
324300520,1196323,-19910,0,214
324466928,1362731,-24052,0,214
324659990,1555793,-17443,0,214
324953310,1849113,-13466,0,214
325181752,2077555,-20379,0,214
325363931,2259734,-21702,0,214
325561381,2457184,-18130,0,214
325848937,2744740,-11174,0,214
326026531,0,24909,24909,211
326222242,195711,24389,49298,211
326363349,336818,30759,80057,211
326479245,452714,36798,116855,211
326580195,553664,41457,158312,211
326672972,646441,43886,202198,211
326763639,737108,44228,246426,211
326856671,830140,41893,288319,211
327160821,1134290,-19945,0,211
327333859,1307328,-23066,0,211
327527554,1501023,-18171,0,211
327793285,1766754,-14255,0,211
328031361,2004830,-18728,0,211
328225390,2198859,-21087,0,211
328421697,2395166,-19095,0,211
328634266,2607735,-18097,0,211
328927085,0,14484,14484,209
329106869,179784,25445,39929,209
329242880,315795,31854,71783,209
329355800,428715,37656,109439,209
329455154,528069,41897,151336,209
329547015,619930,44171,195507,209
329637154,710069,44347,239854,209
329730546,803461,41625,281479,209
330054490,1127405,-20230,0,209
330225447,1298362,-22945,0,209
330423802,1496717,-17424,0,209
330710703,1783618,-12790,0,209
330971113,2044028,-17878,0,209
331165622,2238537,-21223,0,209
331349391,2422306,-21028,0,209
331573198,2646113,-16832,0,209
331829927,0,13843,13843,208
332012050,182123,24371,38214,208
332150218,320291,31604,69818,208
332265237,435310,36779,106597,208
332367627,537700,40448,147045,208
332463353,633426,42302,189347,208
332557764,727837,42328,231675,208
332654947,825020,40277,271952,208
332978857,1148930,-18665,0,208
333153144,1323217,-23523,0,208
333333918,1503991,-19720,0,208
333604393,1774466,-12749,0,208
333865912,2035985,-18278,0,208
334061026,2231099,-20436,0,208
334263568,2433641,-18723,0,208
334525093,2695166,-13110,0,208
334727720,0,4935,4935,207
334923874,196154,22931,27866,207
335080355,352635,27444,55310,207
335206622,478902,34311,89621,207
335313681,585961,39382,129003,207
335411051,683331,41767,170770,207
335505739,778019,42313,213083,207
335602902,875182,40222,253305,207
335928659,1200939,-19980,0,207
336094979,1367259,-24141,0,207
336286305,1558585,-18464,0,207
336541027,1813307,-14660,0,207
336764662,2036942,-18978,0,207
336975018,2247298,-18456,0,207
337202978,2475258,-16113,0,207
337479737,2752017,-12831,0,207
337664139,0,5422,5422,206
337853403,189264,24689,30111,206
337993346,329207,30788,60899,206
338109802,445663,36537,97436,206
338212143,548004,40657,138093,206
338306632,642493,42944,181037,206
338399373,735234,43265,224302,206
338494278,830139,41344,265646,206
338827963,1163824,-20544,0,206
338989157,1325018,-25742,0,206
339156966,1492827,-22171,0,206
339382076,1717937,-14988,0,206
339657204,1993065,-15250,0,206
339870745,2206606,-19749,0,206
340078041,2413902,-17960,0,206
340327340,2663201,-14372,0,206
340624510,0,11641,11641,205
340816445,191935,23098,34739,205
340965776,341266,29252,63991,205
341087842,463332,34966,98957,205
341193952,569442,39505,138462,205
341291039,666529,42055,180517,205
341384754,760244,42971,223488,205
341479807,855297,41218,264706,205
341774637,1150127,-20371,0,205
341921741,1297231,-28765,0,205
342063944,1439434,-26440,0,205
342249037,1624527,-17838,0,205
342479464,1854954,-17902,0,205
342686160,2061650,-19444,0,205
342901584,2277074,-17559,0,205
343217919,2593409,-8570,0,205
343568212,0,22224,22224,204
343719286,151074,29551,51775,204
343841146,272934,34889,86664,204
343946815,378603,39497,126161,204
344043937,475725,41948,168109,204
344138361,570149,42511,210620,204
344234925,666713,40628,251248,204
344566878,998666,-19708,0,204
344739090,1170878,-22387,0,204
344930419,1362207,-19341,0,204
345194590,1626378,-13466,0,204
345456825,1888613,-18028,0,204
345649447,2081235,-21662,0,204
345834734,2266522,-20468,0,204
346089579,2521367,-12484,0,204
346357160,0,3737,3737,206
346549535,192375,23546,27283,206
346696684,339524,29574,56857,206
346815632,458472,35959,92816,206
346919065,561905,40410,133226,206
347013990,656830,42789,176015,206
347106626,749466,43301,219316,206
347201638,844478,41199,260515,206
347546788,1189628,-18440,0,206
347729678,1372518,-21974,0,206
347938667,1581507,-16694,0,206
348203996,1846836,-13497,0,206
348471770,2114610,-17153,0,206
348669066,2311906,-21140,0,206
348860804,2503644,-19238,0,206
349102052,2744892,-14366,0,206
349369576,0,12251,12251,204
349552470,182894,25281,37532,204
349688473,318897,31684,69216,204
349802864,433288,36979,106195,204
349904563,534987,40776,146971,204
349999071,629495,42990,189961,204
350091322,721746,43529,233490,204
350185413,815837,41708,275198,204
350581556,1211980,-13317,0,204
350792988,1423412,-19989,0,204
351020641,1651065,-15127,0,204
351343830,1974254,-12332,0,204
351568826,2199250,-20504,0,204
351746988,2377412,-22512,0,204
351925723,2556147,-21444,0,204
352114993,2745417,-19391,0,204
352405945,0,15790,15790,202
352589200,183255,24933,40723,202
352727321,321376,31589,72312,202
352841077,435132,37365,109677,202
352941439,535494,41306,150983,202
353035108,629163,43218,194201,202
353127467,721522,43278,237479,202
353222932,816987,40849,278328,202
353545804,1139859,-18082,0,202
353727970,1322025,-21859,0,202
353932924,1526979,-17449,0,202
354214978,1809033,-12945,0,202
354469496,2063551,-18245,0,202
354658549,2252604,-21852,0,202
354841344,2435399,-21335,0,202
355061223,2655278,-14923,0,202
355331854,0,3695,3695,202
355514310,182456,25457,29152,202
355649218,317364,32246,61398,202
355761412,429558,37733,99131,202
355861661,529807,41189,140320,202
355955815,623961,42990,183310,202
356049446,717592,42549,225859,202
356146435,814581,40273,266132,202
356470860,1139006,-19570,0,202
356638366,1306512,-24216,0,202
356818155,1486301,-19681,0,202
357063034,1731180,-15066,0,202
357304649,1972795,-18495,0,202
357491799,2159945,-21987,0,202
357681599,2349745,-19748,0,202
357915319,2583465,-16763,0,202
358203437,0,15737,15737,203
358382959,179522,25591,41328,203
358518221,314784,32133,73461,203
358630263,426826,37754,111215,203
358729475,526038,41814,153029,203
358821968,618531,43725,196754,203
358913344,709907,43662,240416,203
359007963,804526,41286,281702,203
359348907,1145470,-19532,0,203
359518184,1314747,-23878,0,203
359704657,1501220,-18994,0,203
359992408,1788971,-12378,0,203
360249417,2045980,-17234,0,203
360450658,2247221,-20371,0,203
360651022,2447585,-18957,0,203
360885407,2681970,-15937,0,203
361174071,0,13808,13808,202
361359247,185176,24526,38334,202
361499363,325292,31230,69564,202
361614172,440101,37026,106590,202
361714980,540909,41182,147772,202
361808492,634421,43370,191142,202
361900793,726722,43276,234418,202
361996252,822181,40837,275255,202
362312506,1138435,-17956,0,202
362498918,1324847,-21703,0,202
362695600,1521529,-18311,0,202
362973090,1799019,-12173,0,202
363246705,2072634,-18396,0,202
363438308,2264237,-21030,0,202
363636345,2462274,-19247,0,202
363908638,2734567,-10819,0,202
364301103,0,22642,22642,199
364451019,149916,29459,52101,199
364571450,270347,35409,87510,199
364676217,375114,39877,127387,199
364772690,471587,42149,169536,199
364866771,565668,42645,212181,199
364962943,661840,40719,252900,199
365285345,984242,-21081,0,199
365443972,1142869,-25441,0,199
365611717,1310614,-22044,0,199
365843637,1542534,-14554,0,199
366091351,1790248,-17972,0,199
366277722,1976619,-22174,0,199
366467753,2166650,-19467,0,199
366713492,2412389,-13503,0,199
366972102,0,3866,3866,205
367168789,196687,22792,26658,205
367320182,348080,28882,55540,205
367444067,471965,34508,90048,205
367550816,578714,39251,129299,205
367648412,676310,41783,171082,205
367743012,770910,42491,213573,205
367839475,867373,40670,254243,205
368196765,1224663,-19543,0,205
368363243,1391141,-24388,0,205
368525482,1553380,-24672,0,205
368687878,1715776,-23122,0,205
368886304,1914202,-17743,0,205
369114994,2142892,-18357,0,205
369304077,2331975,-21892,0,205
369534585,2562483,-12761,0,205
369743981,0,8744,8744,207
369944514,200533,22654,31398,207
370099307,355326,28148,59546,207
370227797,483816,33179,92725,207
370338713,594732,37661,130386,207
370440075,696094,40230,170616,207
370538719,794738,40671,211287,207
370640449,896468,38296,249583,207
370974068,1230087,-18300,0,207
371140151,1396170,-25030,0,207
371293601,1549620,-26266,0,207
371452093,1708112,-23371,0,207
371650459,1906478,-17975,0,207
371864705,2120724,-19994,0,207
372046738,2302757,-21819,0,207
372279043,2535062,-13625,0,207
372456661,0,23791,23791,210
372667551,210890,21669,45460,210
372830300,373639,27002,72462,210
372965384,508723,31266,103728,210
373084264,627603,35071,138799,210
373193055,736394,37582,176381,210
373297465,840804,38689,215070,210
373403506,946845,36862,251932,210
373826859,1370198,-11802,0,210
373997242,1540581,-28130,0,210
374133035,1676374,-28879,0,210
374292602,1835941,-21295,0,210
374519853,2063192,-19385,0,210
374713436,2256775,-21559,0,210
374893296,2436635,-21991,0,210
375103726,2647065,-15347,0,210
375348504,0,4085,4085,209
375572439,223935,20477,24562,209
375736504,388000,27005,51567,209
375870287,521783,31546,83113,209
375988708,640204,35079,118192,209
376098571,750067,37049,155241,209
376205641,857137,37461,192702,209
376314316,965812,36266,228968,209
376633536,1285032,-24651,0,209
376778958,1430454,-26979,0,209
376928788,1580284,-25704,0,209
377120467,1771963,-17509,0,209
377355077,2006573,-17039,0,209
377563611,2215107,-20167,0,209
377755743,2407239,-20364,0,209
378300524,0,20841,20841,207
378465090,164566,27145,47986,207
378597509,296985,32048,80034,207
378712139,411615,36423,116457,207
378816799,516275,38984,155441,207
378918511,617987,39382,194823,207
379022490,721966,37630,232453,207
379352078,1051554,-16927,0,207
379531085,1230561,-23521,0,207
379700492,1399968,-23105,0,207
379892690,1592166,-17560,0,207
380136762,1836238,-17501,0,207
380339666,2039142,-20496,0,207
380528867,2228343,-20538,0,207
380738871,2438347,-16797,0,207
380931182,0,5199,5199,212
381127629,196447,22105,27304,212
381294234,363052,25591,52895,212
381432727,501545,30931,83826,212
381551059,619877,35693,119519,212
381656777,725595,38740,158259,212
381758527,827345,39547,197806,212
381861950,930768,37841,235647,212
382165983,1234801,-19148,0,212
382333077,1401895,-24902,0,212
382503585,1572403,-22184,0,212
382714508,1783326,-15531,0,212
382972968,2041786,-17757,0,212
383168428,2237246,-21306,0,212
383348550,2417368,-22096,0,212
383554473,2623291,-15609,0,212
383713605,0,21976,21976,212
383922880,209275,22369,44345,212
384075518,361913,28863,73208,212
384198031,484426,35005,108213,212
384303067,589462,39923,148136,212
384399158,685553,42367,190503,212
384492976,779371,42788,233291,212
384589068,875463,40685,273976,212
384893219,1179614,-18475,0,212
385061473,1347868,-24467,0,212
385231662,1518057,-22127,0,212
385441681,1728076,-15945,0,212
385738792,2025187,-13888,0,212
385959222,2245617,-20296,0,212
386135004,2421399,-22497,0,212
386382501,2668896,-11835,0,212
386736454,0,21399,21399,208
386894991,158537,28010,49409,208
387025602,289148,32522,81931,208
387139029,402575,36763,118694,208
387242674,506220,39401,158095,208
387343088,606634,40078,198173,208
387445540,709086,38284,236457,208
387747820,1011366,-20596,0,208
387882479,1146025,-33093,0,208
387992827,1256373,-36751,0,208
388104360,1367906,-33619,0,208
388236875,1500421,-27111,0,208
388396657,1660203,-23933,0,208
388590925,1854471,-16376,0,208
396514985,0,10906,10906,171
396699468,184483,27713,38619,171
396825367,310382,34705,73324,171
396934077,419092,38019,111343,171
397037851,522866,38848,150191,171
397143964,628979,37083,187274,171
397259260,744275,33141,220415,171
397581386,1066401,-27144,0,171
397701071,1186086,-34882,0,171
397812500,1297515,-35304,0,171
397927773,1412788,-32419,0,171
398078363,1563378,-22187,0,171
398299078,1784093,-18776,0,171
398479047,1964062,-20486,0,171
398942909,0,17289,17289,190
399126285,183376,25290,42579,190
399263329,320420,31105,73684,190
399384869,441960,34095,107779,190
399498187,555278,36030,143809,190
399607201,664292,37058,180867,190
399718206,775297,35103,215970,190
400057927,1115018,-22311,0,190
400202092,1259183,-28810,0,190
400334010,1391101,-30443,0,190
400471741,1528832,-26241,0,190
400669837,1726928,-17437,0,190
400857654,1914745,-24033,0,190
401028523,2085614,-21725,0,190
401464775,0,20448,20448,201
401619914,155139,29118,49566,201
401742944,278169,34386,83952,201
401851858,387083,38251,122203,201
401952568,487793,40368,162571,201
402050853,586078,40661,203232,201
402153274,688499,37857,241089,201
402472096,1007321,-19721,0,201
402626951,1162176,-26842,0,201
402784380,1319605,-24301,0,201
402969859,1505084,-18898,0,201
403197406,1732631,-19118,0,201
403390458,1925683,-22084,0,201
403582638,2117863,-18928,0,201
403964103,0,19292,19292,210
404132628,168525,26810,46102,210
404262843,298740,32946,79048,210
404374527,410424,37512,116560,210
404475686,511583,40384,156944,210
404573177,609074,41211,198155,210
404672800,708697,39154,237309,210
404974946,1010843,-18732,0,210
405131116,1167013,-27733,0,210
405273625,1309522,-26722,0,210
405474367,1510264,-15688,0,210
405701632,1737529,-18543,0,210
405884026,1919923,-23668,0,210
406051449,2087346,-22614,0,210
406501673,0,23087,23087,216
406645344,143671,30523,53610,216
406764965,263292,35391,89001,216
406869071,367398,40209,129210,216
406965037,463364,42181,171391,216
407059016,557343,42527,213918,216
407156500,654827,39972,253890,216
407482676,981003,-18688,0,216
407653101,1151428,-23888,0,216
407830498,1328825,-20449,0,216
408070313,1568640,-14839,0,216
408292212,1790539,-19807,0,216
408468750,1967077,-23593,0,216
408635770,2134097,-22718,0,216
409078152,0,22741,22741,220
409225959,147807,29605,52346,220
409348807,270655,34602,86948,220
409455457,377305,39192,126140,220
409553275,475123,41564,167704,220
409649583,571431,41442,209146,220
409749139,670987,39155,248301,220
410095057,1016905,-18623,0,220
410265046,1186894,-23771,0,220
410449563,1371411,-19766,0,220
410716080,1637928,-13324,0,220
410911424,1833272,-21819,0,220
411084911,2006759,-22758,0,220
411258380,2180228,-22807,0,220
411454498,2376346,-17150,0,220
411594534,0,25881,25881,224
411788689,194155,24794,50675,224
411926808,332274,31248,81923,224
412041850,447316,36786,118709,224
412144142,549608,40561,159270,224
412239420,644886,42587,201857,224
412333130,738596,42603,244460,224
412429844,835310,40238,284698,224
412721207,1126673,-19269,0,224
412892088,1297554,-23551,0,224
413083624,1489090,-18046,0,224
413359482,1764948,-13026,0,224
413610259,2015725,-18008,0,224
413805347,2210813,-20933,0,224
413991236,2396702,-21245,0,224
414251058,2656524,-9964,0,224
414495497,0,23569,23569,219
414638582,143085,30685,54254,219
414756258,260761,35860,90114,219
414859767,364270,40268,130382,219
414955316,459819,42671,173053,219
415048099,552602,43241,216294,219
415143180,647683,41017,257311,219
415475717,980220,-16663,0,219
415659923,1164426,-23191,0,219
415852914,1357417,-17981,0,219
416127171,1631674,-12572,0,219
416387157,1891660,-18460,0,219
416565670,2070173,-23113,0,219
416748278,2252781,-20304,0,219
416987425,2491928,-13341,0,219
417326962,0,23614,23614,217
417471636,144674,30386,54000,217
417588988,262026,36163,90163,217
417692204,365242,40207,130370,217
417788865,461903,41970,172340,217
417884646,557684,41644,213984,217
417983960,656998,39062,253046,217
418283615,956653,-19605,0,217
418449177,1122215,-23861,0,217
418628356,1301394,-20233,0,217
418871449,1544487,-15181,0,217
419106582,1779620,-19017,0,217
419289119,1962157,-23286,0,217
419479299,2152337,-17280,0,217
419968799,0,19524,19524,219
420136348,167549,27347,46871,219
420264141,295342,33351,80222,219
420374594,405795,37980,118202,219
420474889,506090,40515,158717,219
420572296,603497,41192,199909,219
420672608,703809,38863,238772,219
420965567,996768,-20080,0,219
421122889,1154090,-25496,0,219
421290332,1321533,-21873,0,219
421527529,1558730,-13889,0,219
421783328,1814529,-18261,0,219
421981179,2012380,-20216,0,219
422168832,2200033,-21765,0,219
422382085,2413286,-14151,0,219
422680916,0,23589,23589,219
422824240,143324,30684,54273,219
422939759,258843,36896,91169,219
423039966,359050,41835,133004,219
423131631,450715,44497,177501,219
423220900,539984,44996,222497,219
423312170,631254,42889,265386,219
423646527,965611,-19378,0,219
423808910,1127994,-25046,0,219
423975939,1295023,-22014,0,219
424224249,1543333,-13765,0,219
424451631,1770715,-19964,0,219
424643033,1962117,-20601,0,219
424824351,2143435,-22381,0,219
425029006,2348090,-16425,0,219
425176251,0,29101,29101,224
425360169,183918,25514,54615,224
425495256,319005,32183,86798,224
425606794,430543,37949,124747,224
425705325,529074,42190,166937,224
425797299,621048,44159,211096,224
425887550,711299,44357,255453,224
425980256,804005,42162,297615,224
426320405,1144154,-18590,0,224
426495675,1319424,-23172,0,224
426682154,1505903,-18757,0,224
426956824,1780573,-12968,0,224
427193193,2016942,-19411,0,224
427386598,2210347,-21226,0,224
427558796,2382545,-23906,0,224
427740410,2564159,-19561,0,224
427935404,0,5128,5128,222
428112599,177195,25919,31047,222
428243171,307767,33321,64368,222
428352780,417376,38467,102835,222
428450954,515550,42112,144947,222
428543467,608063,43689,188636,222
428635144,699740,43580,232216,222
428729963,794559,41044,273260,222
429014421,1079017,-18400,0,222
429189982,1254578,-23131,0,222
429391116,1455712,-17025,0,222
429672330,1736926,-11887,0,222
429925177,1989773,-19846,0,222
430102345,2166941,-23192,0,222
430269374,2333970,-23453,0,222
430489729,2554325,-14354,0,222
430667623,0,5621,5621,221
430854178,186555,24762,30383,221
430993141,325518,31279,61662,221
431107279,439656,37183,98845,221
431207024,539401,41835,140680,221
431299297,631674,44103,184783,221
431389635,722012,44375,229158,221
431482216,814593,42220,271378,221
431785209,1117586,-17621,0,221
431969003,1301380,-22039,0,221
432163017,1495394,-18419,0,221
432435081,1767458,-14464,0,221
432640380,1972757,-21707,0,221
432825146,2157523,-20915,0,221
433025045,2357422,-18753,0,221
433259469,2591846,-15074,0,221
433399877,0,26567,26567,220
433591173,191296,24474,51041,220
433730261,330384,31424,82465,220
433845271,445394,36686,119151,220
433947219,547342,40680,159831,220
434042819,642942,42374,202205,220
434136882,737005,42560,244765,220
434234151,834274,39964,284729,220
434546428,1146551,-16227,0,220
434734353,1334476,-22983,0,220
434931396,1531519,-17977,0,220
435206793,1806916,-13072,0,220
435429589,2029712,-18601,0,220
435618383,2218506,-22137,0,220
435785957,2386080,-23990,0,220
435982090,2582213,-16832,0,220
436155694,0,5760,5760,219
436342385,186691,24605,30365,219
436480285,324591,31556,61921,219
436594733,439039,36941,98862,219
436696418,540724,40898,139760,219
436791316,635622,42797,182557,219
436885301,729607,42457,225014,219
436983195,827501,39510,264524,219
437297077,1141383,-15919,0,219
437492320,1336626,-21697,0,219
437693183,1537489,-18402,0,219
437968656,1812962,-11977,0,219
438237877,2082183,-17927,0,219
438431194,2275500,-21780,0,219
438602211,2446517,-23598,0,219
438790151,2634457,-18750,0,219
439001617,0,4728,4728,216
439185804,184187,24831,29559,216
439319782,318165,32908,62467,216
439430365,428748,38257,100724,216
439528406,526789,42247,142971,216
439620568,618951,43842,186813,216
439711949,710332,43654,230467,216
439806831,805214,41007,271474,216
440145991,1144374,-14534,0,216
440351396,1349779,-20405,0,216
440558394,1556777,-18067,0,216
440829968,1828351,-12328,0,216
441094316,2092699,-18453,0,216
441280325,2278708,-22701,0,216
441450840,2449223,-22650,0,216
441670940,2669323,-16080,0,216
441867991,0,5074,5074,214
442051061,183070,25460,30534,214
442183860,315869,32849,63383,214
442294420,426429,38216,101599,214
442393197,525206,41762,143361,214
442486641,618650,43211,186572,214
442579889,711898,42685,229257,214
442677590,809599,39353,268610,214
442968938,1100947,-17283,0,214
443164739,1296748,-21108,0,214
443374733,1506742,-16836,0,214
443646063,1778072,-13282,0,214
443884477,2016486,-19206,0,214
444068279,2200288,-22707,0,214
444236467,2368476,-22968,0,214
444473634,2605643,-12974,0,214
444807136,0,24059,24059,211
444947703,140567,31053,55112,211
445063798,256662,36505,91617,211
445165974,358838,40756,132373,211
445260913,453777,42709,175082,211
445354237,547101,42933,218015,211
445450294,643158,40711,258726,211
445752179,945043,-16961,0,211
445940941,1133805,-21791,0,211
446157267,1350131,-15195,0,211
446502208,1695072,-9801,0,211
446747893,1940757,-18146,0,211
446944331,2137195,-21080,0,211
447123688,2316552,-21687,0,211
447344884,2537748,-14808,0,211
447492793,0,25544,25544,214
447689235,196442,23518,49062,214
447834404,341611,30376,79438,214
447951035,458242,36460,115898,214
448052752,559959,41118,157016,214
448146479,653686,43263,200279,214
448238573,745780,43410,243689,214
448333922,841129,40666,284355,214
448644389,1151596,-14759,0,214
448869781,1376988,-19187,0,214
449117934,1625141,-14029,0,214
449477615,1984822,-9483,0,214
449720926,2228133,-18124,0,214
449918380,2425587,-21181,0,214
450085069,2592276,-24798,0,214
450260243,2767450,-19391,0,214
450484542,0,4458,4458,210
450670846,186304,24688,29146,210
450806528,321986,32157,61303,210
450919187,434645,37715,99018,210
451018854,534312,41600,140618,210
451111510,626968,43792,184410,210
451202966,718424,43763,228173,210
451297123,812581,41431,269604,210
451633702,1149160,-15274,0,210
451828648,1344106,-21197,0,210
452040901,1556359,-16898,0,210
452363877,1879335,-10010,0,210
452600522,2115980,-19241,0,210
452787775,2303233,-22179,0,210
452959989,2475447,-22927,0,210
453166266,2681724,-16057,0,210
453353227,0,5348,5348,209
453549451,196224,22760,28108,209
453699430,346203,29168,57276,209
453821247,468020,35079,92355,209
453926997,573770,39485,131840,209
454024379,671152,41741,173581,209
454120187,766960,41687,215268,209
454219528,866301,39059,254327,209
454531954,1178727,-15886,0,209
454745306,1392079,-18866,0,209
454986980,1633753,-15015,0,209
455316803,1963576,-10010,0,209
455574933,2221706,-17503,0,209
455771892,2418665,-21374,0,209
455954967,2601740,-20927,0,209
456502194,0,22143,22143,204
456645571,143377,31472,53615,204
456759493,257299,37365,90980,204
456858279,356085,42337,133317,204
456949363,447169,44593,177910,204
457039098,536904,44581,222491,204
457132538,630344,41254,263745,204
457459720,957526,-14084,0,204
457711718,1209524,-16711,0,204
457971549,1469355,-13075,0,204
458296050,1793856,-12713,0,204
458506122,2003928,-19799,0,204
458690179,2187985,-22493,0,204
458854350,2352156,-24167,0,204
459045872,2543678,-17649,0,204
459262284,0,4620,4620,207
459439635,177351,26796,31416,207
459566424,304140,34150,65566,207
459672673,410389,39599,105165,207
459767904,505620,43357,148522,207
459858158,595874,44704,193226,207
459949222,686938,43519,236745,207
460045767,783483,39091,275836,207
460400861,1138577,-13664,0,207
460605437,1343153,-20656,0,207
460829912,1567628,-15253,0,207
461204835,1942551,-9214,0,207
461475525,2213241,-16123,0,207
461684944,2422660,-20787,0,207
461859775,2597491,-22886,0,207
462095207,2832923,-11891,0,207
462368669,0,22462,22462,203
462519599,150930,29050,51512,203
462642983,274314,34525,86037,203
462750365,381696,38777,124814,203
462849660,480991,40981,165795,203
462947564,578895,40681,206476,203
463051074,682405,36484,242960,203
463384045,1015376,-12951,0,203
463608235,1239566,-17965,0,203
463875717,1507048,-12707,0,203
464240833,1872164,-13159,0,203
464462673,2094004,-18219,0,203
464674022,2305353,-19679,0,203
464863965,2495296,-20421,0,203
465342227,0,19588,19588,202
465496993,154766,29895,49483,202
465617778,275551,34967,84450,202
465723316,381089,39401,123851,202
465821106,478879,41571,165422,202
465917485,575258,41378,206800,202
466018344,676117,38111,244911,202
466372300,1030073,-13714,0,202
466612652,1270425,-16599,0,202
466835296,1493069,-17957,0,202
467103573,1761346,-12655,0,202
467341565,1999338,-18153,0,202
467551184,2208957,-19048,0,202
467755311,2413084,-19159,0,202
468278635,0,22508,22508,202
468423553,144918,30516,53024,202
468540503,261868,36441,89465,202
468642001,363366,41089,130554,202
468735797,457162,43215,173769,202
468828222,549587,43149,216918,202
468924573,645938,40046,256964,202
469359972,1081337,-11455,0,202
469614324,1335689,-16351,0,202
469878299,1599664,-12742,0,202
470208928,1930293,-10834,0,202
470450015,2171380,-18200,0,202
470653571,2374936,-19886,0,202
470838016,2559381,-21548,0,202
471086886,2808251,-11575,0,202
471341359,0,23253,23253,200
471487169,145810,29671,52924,200
471607918,266559,35555,88479,200
471713298,371939,39497,127976,200
471810273,468914,41978,169954,200
471905563,564204,41828,211782,200
472004477,663118,39298,251080,200
472371772,1030413,-12920,0,200
472617442,1276083,-16407,0,200
472901206,1559847,-11763,0,200
473287680,1946321,-11897,0,200
473520683,2179324,-17335,0,200
473719919,2378560,-22409,0,200
473889738,2548379,-22946,0,200
474117088,2775729,-12681,0,200
474450377,0,23629,23629,198
474590287,139910,31497,55126,198
474704399,254022,37105,92231,198
474804711,354334,41288,133519,198
474898276,447899,43269,176788,198
474990723,540346,43020,219808,198
475088398,638021,38623,258431,198
475420359,969982,-14474,0,198
475629957,1179580,-18999,0,198
475880588,1430211,-13000,0,198
476259084,1808707,-12697,0,198
476480520,2030143,-18023,0,198
476690344,2239967,-20012,0,198
476866947,2416570,-22541,0,198
477357587,0,21178,21178,200
477509580,151993,29736,50914,200
477630673,273086,34912,85826,200
477736992,379405,39188,125014,200
477835500,477913,41301,166315,200
477932402,574815,41123,207438,200
478033381,675794,38356,245794,200
478369662,1012075,-15514,0,200
478591604,1234017,-18569,0,200
478842666,1485079,-14565,0,200
479181093,1823506,-11540,0,200
479431484,2073897,-16049,0,200
479668555,2310968,-18416,0,200
479855201,2497614,-21991,0,200
480086480,2728893,-13364,0,200
480388644,0,22662,22662,199
480533891,145247,30486,53148,199
480652124,263480,35874,89022,199
480756271,367627,39979,129001,199
480852563,463919,42121,171122,199
480947430,558786,42009,213131,199
481048087,659443,36971,250102,199
481379805,991161,-15196,0,199
481659251,1270607,-14753,0,199
481933032,1544388,-14873,0,199
482272311,1883667,-10728,0,199
482500560,2111916,-18925,0,199
482693668,2305024,-21022,0,199
482880706,2492062,-20761,0,199
483416105,0,21813,21813,198
483561512,145407,30639,52452,198
483678969,262864,36116,88568,198
483781748,365643,40541,129109,198
483876984,460879,42520,171629,198
483971042,554937,42432,214061,198
484068920,652815,39669,253730,198
484435903,1019798,-14044,0,198
484667130,1251025,-17301,0,198
484924019,1507914,-14080,0,198
485260466,1844361,-10603,0,198
485497614,2081509,-18306,0,198
485700112,2284007,-20213,0,198
485910393,2494288,-16914,0,198
486522943,0,21996,21996,196
486672894,149951,29324,51320,196
486795154,272211,34820,86140,196
486901490,378547,39132,125272,196
486999661,476718,41452,166724,196
487095922,572979,41561,208285,196
487195622,672679,38962,247247,196
487542667,1019724,-14506,0,196
487781484,1258541,-16818,0,196
488052824,1529881,-13038,0,196
488425415,1902472,-10890,0,196
488681727,2158784,-16488,0,196
488913753,2390810,-18037,0,196
489113762,2590819,-20647,0,196
489624620,0,22083,22083,195
489774285,149665,29468,51551,195
489896005,271385,35022,86573,195
490001964,377344,39455,126028,195
490099233,474613,41874,167902,195
490194738,570118,41858,209760,195
490294676,670056,38186,247946,195
490633820,1009200,-13308,0,195
490869909,1245289,-16789,0,195
491131150,1506530,-13708,0,195
491486474,1861854,-10278,0,195
491751155,2126535,-15503,0,195
491977450,2352830,-19618,0,195
492164014,2539394,-20654,0,195
492375941,2751321,-16141,0,195
492695495,0,22891,22891,195
492843358,147863,29812,52703,195
492962614,267119,35783,88486,195
493066576,371081,40115,128601,195
493161898,466403,42673,171274,195
493254727,559232,43235,214509,195
493349989,654494,41010,255519,195
493683023,987528,-18390,0,195
493868449,1172954,-22062,0,195
494120242,1424747,-12683,0,195
494484381,1788886,-11201,0,195
494727947,2032452,-17888,0,195
494925973,2230478,-20814,0,195
495126564,2431069,-18724,0,195
495428183,2732688,-8967,0,195
495726924,0,21988,21988,195
495875867,148943,29851,51839,195
495995389,268465,35681,87520,195
496099009,372085,40249,127769,195
496193992,467068,42940,170709,195
496286785,559861,43142,213851,195
496382343,655419,40861,254712,195
496736310,1009386,-13705,0,195
497008741,1281817,-14789,0,195
497337761,1610837,-10918,0,195
497732385,2005461,-10860,0,195
497977885,2250961,-17251,0,195
498179755,2452831,-20956,0,195
498366632,2639708,-20617,0,195
498580452,2853528,-16083,0,195
498752179,0,5823,5823,195
498945375,193196,24802,30625,195
499083961,331782,31259,61884,195
499199474,447295,36613,98497,195
499301163,548984,40933,139430,195
499394957,642778,43297,182727,195
499487137,734958,43423,226150,195
499581950,829771,41226,267376,195
499957568,1205389,-14772,0,195
500215371,1463192,-15032,0,195
500513744,1761565,-12851,0,195
500867319,2115140,-11352,0,195
501111137,2358958,-17122,0,195
501319261,2567082,-19808,0,195
501512169,2759990,-20736,0,195
501756386,3004207,-11539,0,195
502032195,0,24280,24280,191
502171250,139055,31360,55640,191
502285254,253059,37285,92925,191
502384881,352686,41918,134843,191
502476574,444379,44232,179075,191
502566216,534021,44650,223725,191
502658547,626352,42186,265911,191
503051643,1019448,-12202,0,191
503291780,1259585,-17681,0,191
503555674,1523479,-13383,0,191
503914454,1882259,-11663,0,191
504151768,2119573,-17339,0,191
504355468,2323273,-21188,0,191
504534454,2502259,-22116,0,191
504742860,2710665,-15846,0,191
504889931,0,23848,23848,195
505083156,193225,25188,49036,195
505215471,325540,33002,82038,195
505325180,435249,38698,120736,195
505421297,531366,43280,164016,195
505509940,620009,45751,209767,195
505596644,706713,46048,255815,195
505686331,796400,43293,299108,195
506073167,1183236,-13411,0,195
506295279,1405348,-19732,0,195
506522735,1632804,-15091,0,195
506835860,1945929,-12213,0,195
507053130,2163199,-19434,0,195
507245139,2355208,-21254,0,195
507426367,2536436,-21635,0,195
507690317,2800386,-11248,0,195
507998775,0,23016,23016,194
508143686,144911,30704,53720,194
508259517,260742,36647,90367,194
508360732,361957,41140,131507,194
508454810,456035,43123,174630,194
508547404,548629,43245,217875,194
508642548,643773,41061,258936,194
509043137,1044362,-13410,0,194
509256336,1257561,-19980,0,194
509495808,1497033,-13337,0,194
509735988,1737213,-18410,0,194
509926586,1927811,-21595,0,194
510122010,2123235,-19493,0,194
510450416,2451641,-9207,0,194
511133355,0,8987,8987,193
511391011,257656,15844,24831,193
511624166,490811,19807,44638,193
511783989,650634,27149,71787,193
511920497,787142,30922,102709,193
512043525,910170,33509,136218,193
512161212,1027857,33927,170145,193
512553306,1419951,-17569,0,193
512745758,1612403,-25289,0,193
512893031,1759676,-26195,0,193
513058058,1924703,-21861,0,193
513251640,2118285,-19836,0,193
513424664,2291309,-26888,0,193
513558677,2425322,-28534,0,193
513722264,2588909,-20994,0,193
513962127,0,14651,14651,197
514156858,194731,22540,37191,197
514309759,347632,28400,65591,197
514437670,475543,33125,98716,197
514550929,588802,36716,135432,197
514655887,693760,38794,174226,197
514758693,796566,38844,213070,197
514866455,904328,35208,248278,197
515195295,1233168,-14918,0,197
515408684,1446557,-19825,0,197
515614559,1652432,-17921,0,197
515874806,1912679,-13725,0,197
516124127,2162000,-16427,0,197
516360179,2398052,-17749,0,197
516542922,2580795,-23742,0,197
516749732,2787605,-14171,0,197
517052153,0,22035,22035,196
517211906,159753,26793,48828,196
517345237,293084,32152,80980,196
517459436,407283,36824,117804,196
517562415,510262,39891,157695,196
517661065,608912,40776,198471,196
517761255,709102,39003,237474,196
518101570,1049417,-16836,0,196
518304156,1252003,-20440,0,196
518549106,1496953,-12819,0,196
518916601,1864448,-11876,0,196
519166339,2114186,-17124,0,196
519377522,2325369,-20906,0,196
519561472,2509319,-21081,0,196
519823792,2771639,-12485,0,196
519980255,0,29125,29125,198
520183007,202752,23763,52888,198
520326435,346180,30278,83166,198
520445359,465104,35732,118898,198
520549693,569438,39840,158738,198
520645608,665353,42573,201311,198
520738837,758582,43084,244395,198
520834462,854207,40645,285040,198
521187760,1207505,-13837,0,198
521453465,1473210,-15214,0,198
521763353,1783098,-11590,0,198
522139541,2159286,-10808,0,198
522394445,2414190,-16747,0,198
522606476,2626221,-20087,0,198
522800981,2820726,-19634,0,198
523059296,3079041,-12375,0,198
523436405,0,22455,22455,191
523583276,146871,30213,52668,191
523704148,267743,34967,87635,191
523811401,374996,38762,126397,191
523910241,473836,41106,167503,191
524007307,570902,41189,208692,191
524107117,670712,39174,247866,191
524468474,1032069,-14510,0,191
524700689,1264284,-17153,0,191
524985492,1549087,-12476,0,191
525330746,1894341,-11974,0,191
525585285,2148880,-16033,0,191
525797307,2360902,-20280,0,191
525989125,2552720,-19904,0,191
526268742,2832337,-10518,0,191
526551154,0,21414,21414,191
526710828,159674,27239,48653,191
526842719,291565,32277,80930,191
526956704,405550,36946,117876,191
527058912,507758,40325,158201,191
527156266,605112,41457,199658,191
527256028,704874,38830,238488,191
527576916,1025762,-14254,0,191
527779304,1228150,-21258,0,191
527979108,1427954,-17965,0,191
528229957,1678803,-16069,0,191
528397398,1846244,-25568,0,191
528540553,1989399,-28634,0,191
528677589,2126435,-28064,0,191
528850203,2299049,-20358,0,191
529150378,0,20322,20322,200
529295439,145061,31654,51976,200
529409874,259496,37012,88988,200
529508947,358569,42263,131251,200
529598066,447688,46386,177637,200
529681722,531344,48372,226009,200
529764037,613659,48709,274718,200
529848084,697706,46713,321431,200
530164696,1014318,-18749,0,200
530338826,1188448,-24393,0,200
530534996,1384618,-17326,0,200
530762360,1611982,-17767,0,200
530942921,1792543,-23680,0,200
531086082,1935704,-29814,0,200
531216167,2065789,-29582,0,200
531366358,2215980,-24054,0,200
531716236,0,23620,23620,208
531848792,132556,33549,57169,208
531958304,242068,38919,96088,208
532052726,336490,44167,140255,208
532138185,421949,48281,188536,208
532218506,502270,50231,238767,208
532298240,582004,50145,288912,208
532380197,663961,47846,336758,208
532771139,1054903,-15230,0,208
532968111,1251875,-21265,0,208
533193382,1477146,-15311,0,208
533435261,1719025,-19960,0,208
533596042,1879806,-25512,0,208
533730315,2014079,-31972,0,208
533851476,2135240,-32110,0,208
533995212,2278976,-24405,0,208
534340563,0,23999,23999,213
534472780,132217,33605,57604,213
534581857,241294,38871,96475,213
534676759,336196,43882,140357,213
534763457,422894,47335,187692,213
534845939,505376,48866,236558,213
534928309,587746,48376,284934,213
535013020,672457,46274,331208,213
535403791,1063228,-13716,0,213
535598652,1258089,-22304,0,213
535813178,1472615,-15367,0,213
536072821,1732258,-18879,0,213
536228845,1888282,-26210,0,213
536364348,2023785,-31810,0,213
536484934,2144371,-32332,0,213
536636616,2296053,-21331,0,213
536884705,0,21246,21246,218
537027617,142912,32294,53540,218
537137477,252772,38977,92517,218
537231708,347003,44338,136855,218
537316620,431915,48576,185431,218
537396854,512149,50160,235591,218
537476498,591793,50160,285751,218
537558236,673531,48079,333830,218
537960997,1076292,-15693,0,218
538166862,1282157,-22532,0,218
538365543,1480838,-18247,0,218
538589869,1705164,-18355,0,218
538739698,1854993,-27799,0,218
538868905,1984200,-32229,0,218
538989543,2104838,-32206,0,218
539132007,2247302,-25966,0,218
539443492,0,23468,23468,222
539578648,135156,33315,56783,222
539686107,242615,39608,96391,222
539778914,335422,44917,141308,222
539863236,419744,48704,190012,222
539943741,500249,49847,239859,222
540024170,580678,49534,289393,222
540107265,663773,47120,336513,222
540471946,1028454,-14853,0,222
540668975,1225483,-22159,0,222
540857307,1413815,-20194,0,222
541074487,1630995,-16636,0,222
541263473,1819981,-23717,0,222
541421507,1978015,-25961,0,222
541570415,2126923,-26545,0,222
541740962,2297470,-20600,0,222
541980365,0,21782,21782,225
542122076,141711,32617,54399,225
542230511,250146,39331,93730,225
542324263,343898,44680,138410,225
542408979,428614,48664,187074,225
542488883,508518,50474,237548,225
542568012,587647,50553,288101,225
542648989,668624,48442,336543,225
543046690,1066325,-17214,0,225
543222358,1241993,-24556,0,225
543404018,1423653,-18829,0,225
543655631,1675266,-17220,0,225
543831912,1851547,-24479,0,225
543975746,1995381,-28820,0,225
544104414,2124049,-31434,0,225
544245179,2264814,-24684,0,225
544517745,0,22634,22634,227
544656833,139088,32380,55014,227
544765255,247510,39499,94513,227
544858778,341033,44680,139193,227
544943101,425356,48782,187975,227
545022825,505080,50502,238477,227
545101875,584130,50510,288987,227
545183265,665520,48151,337138,227
545559963,1042218,-14809,0,227
545764228,1246483,-20938,0,227
545980047,1462302,-16424,0,227
546224745,1707000,-15003,0,227
546395086,1877341,-25007,0,227
546542858,2025113,-28518,0,227
546673672,2155927,-30089,0,227
546820647,2302902,-24764,0,227
547071089,0,21480,21480,228
547217483,146394,31449,52929,228
547330244,259155,37996,90925,228
547426396,355307,43569,134494,228
547513076,441987,47546,182040,228
547594803,523714,49541,231581,228
547675572,604483,49485,281066,228
547758844,687755,46899,327965,228
548147036,1075947,-14140,0,228
548354735,1283646,-20563,0,228
548561045,1489956,-17645,0,228
548812649,1741560,-14895,0,228
549005695,1934606,-23054,0,228
549160919,2089830,-26908,0,228
549309744,2238655,-25691,0,228
549496523,2425434,-19871,0,228
549761001,0,20941,20941,226
549911919,150918,29866,50807,226
550027847,266846,37432,88239,226
550125277,364276,43230,131469,226
550211881,450880,47801,179270,226
550293212,532211,49664,228934,226
550373510,612509,49835,278769,226
550455484,694483,47980,326749,226
550856441,1095440,-14294,0,226
551067838,1306837,-20355,0,226
551282312,1521311,-17302,0,226
551515519,1754518,-17004,0,226
551704294,1943293,-23346,0,226
551864265,2103264,-25232,0,226
552009787,2248786,-27695,0,226
552199700,2438699,-17907,0,226
552324957,0,37774,37774,228
552488666,163709,29324,67098,228
552605258,280301,37120,104218,228
552702147,377190,43561,147779,228
552788643,463686,47821,195600,228
552869794,544837,49763,245363,228
552950041,625084,49912,295275,228
553031499,706542,48449,343724,228
553421198,1096241,-17275,0,228
553613069,1288112,-22701,0,228
553797442,1472485,-20577,0,228
554001848,1676891,-18549,0,228
554192610,1867653,-23081,0,228
554354725,2029768,-25838,0,228
554500163,2175206,-27070,0,228
554672792,2347835,-19166,0,228
554881640,0,4788,4788,229
555042287,160647,28654,33442,229
555162039,280399,36222,69664,229
555260746,379106,42922,112586,229
555348208,466568,47391,159977,229
555430150,548510,49329,209306,229
555511210,629570,49453,258759,229
555594115,712475,47359,306118,229
555938991,1057351,-17132,0,229
556121205,1239565,-22955,0,229
556323401,1441761,-17102,0,229
556592216,1710576,-14545,0,229
556770055,1888415,-23063,0,229
556932251,2050611,-25825,0,229
557078372,2196732,-27194,0,229
557241958,2360318,-22744,0,229
557470192,0,21767,21767,229
557610678,140486,32969,54736,229
557718223,248031,39541,94277,229
557811272,341080,45036,139313,229
557894875,424683,49278,188591,229
557973970,503778,51017,239608,229
558052242,582050,51116,290724,229
558132461,662269,48938,339662,229
558488211,1018019,-17226,0,229
558678610,1208418,-22241,0,229
558864654,1394462,-20865,0,229
559063533,1593341,-18478,0,229
559248188,1777996,-23208,0,229
559413864,1943672,-24637,0,229
559571493,2101301,-24228,0,229
559769176,2298984,-16871,0,229
560035782,0,29116,29116,230
560151667,115885,37293,66409,230
560248863,213081,43402,109811,230
560335385,299603,47787,157598,230
560416742,380960,49748,207346,230
560496852,461070,49975,257321,230
560578578,542796,48141,305462,230
560990535,954753,-17671,0,230
561177885,1142103,-22786,0,230
561374223,1338441,-18070,0,230
561591413,1555631,-18242,0,230
561763347,1727565,-26176,0,230
561901496,1865714,-29778,0,230
562033097,1997315,-29894,0,230
562190059,2154277,-22624,0,230
562382641,0,14235,14235,236
562537475,154834,29604,43839,236
562656468,273827,35999,79838,236
562756600,373959,41932,121770,236
562846609,463968,45974,167744,236
562930868,548227,48026,215770,236
563013355,630714,48640,264410,236
563097137,714496,46992,311402,236
563505459,1122818,-16680,0,236
563688282,1305641,-23362,0,236
563867533,1484892,-20690,0,236
564098400,1715759,-15265,0,236
564284227,1901586,-22813,0,236
564450849,2068208,-24645,0,236
564603232,2220591,-26191,0,236
564773725,2391084,-20522,0,236
564947157,0,5765,5765,235
565105858,158701,29448,35213,235
565221307,274150,37605,72818,235
565318080,370923,43495,116313,235
565405085,457928,47508,163821,235
565487434,540277,48976,212797,235
565569086,621929,49034,261831,235
565652875,705718,46864,308695,235
566078023,1130866,-12367,0,235
566297893,1350736,-19544,0,235
566508240,1561083,-18208,0,235
566746877,1799720,-15324,0,235
566933623,1986466,-23374,0,235
567089089,2141932,-27574,0,235
567223952,2276795,-28774,0,235
567403310,2456153,-18137,0,235
567541066,0,7259,7259,234
567706265,165199,28418,35677,234
567828048,286982,35391,71068,234
567929623,388557,41611,112679,234
568019926,478860,46004,158683,234
568104132,563066,48137,206820,234
568186843,645777,48515,255335,234
568270943,729877,46766,302101,234
568725207,1184141,-14811,0,234
568928702,1387636,-20811,0,234
569118185,1577119,-20364,0,234
569328011,1786945,-19435,0,234
569483068,1942002,-26662,0,234
569633078,2092012,-27974,0,234
569761987,2220921,-31103,0,234
569900848,2359782,-27668,0,234
570105336,0,21391,21391,233
570249696,144360,31613,53004,233
570361499,256163,38562,91566,233
570456298,350962,44222,135788,233
570541274,435938,48666,184454,233
570620833,515497,50789,235243,233
570699283,593947,51075,286318,233
570778986,673650,49433,335751,233
571191788,1086452,-16765,0,233
571403277,1297941,-19430,0,233
571625095,1519759,-17368,0,233
571846867,1741531,-17688,0,233
572029848,1924512,-23450,0,233
572207147,2101811,-22764,0,233
572349955,2244619,-30013,0,233
572497495,2392159,-23760,0,233
572668029,0,5863,5863,233
572827417,159388,28842,34705,233
572946054,278025,36357,71062,233
573045419,377390,42620,113682,233
573133801,465772,46895,160577,233
573216978,548949,48678,209255,233
573298915,630886,48930,258185,233
573382361,714332,47047,305232,233
573803316,1135287,-14536,0,233
574000591,1332562,-21186,0,233
574213333,1545304,-17253,0,233
574449893,1781864,-17272,0,233
574625707,1957678,-24480,0,233
574780780,2112751,-26550,0,233
574933358,2265329,-24201,0,233
575110318,2442289,-21931,0,233
575327759,0,18774,18774,231
575484877,157118,29285,48059,231
575602140,274381,37020,85079,231
575699866,372107,43177,128256,231
575786999,459240,47321,175577,231
575869139,541380,49142,224719,231
575950508,622749,49219,273938,231
576033360,705601,47514,321452,231
576481858,1154099,-14488,0,231
576686185,1358426,-21226,0,231
576896557,1568798,-16958,0,231
577162261,1834502,-13554,0,231
577360046,2032287,-22315,0,231
577520314,2192555,-25620,0,231
577670678,2342919,-26032,0,231
577840267,2512508,-23036,0,231
577962132,0,8205,8205,230
578129561,167429,28118,36323,230
578254006,291874,34182,70505,230
578358838,396706,40420,110925,230
578452338,490206,44448,155373,230
578539052,576920,46842,202215,230
578623721,661589,47483,249698,230
578709339,747207,46106,295804,230
578852677,890545,14826,310630,230
579171929,1209797,-17187,0,230
579388010,1425878,-18771,0,230
579610147,1648015,-17558,0,230
579846015,1883883,-16122,0,230
580028976,2066844,-25362,0,230
580175447,2213315,-27966,0,230
580317773,2355641,-26522,0,230
580478874,2516742,-23949,0,230
580711293,0,19902,19902,227
580866063,154770,30248,50150,227
580979438,268145,38028,88178,227
581075623,364330,43721,131899,227
581161942,450649,47915,179814,227
581243068,531775,49872,229686,227
581323067,611774,50035,279721,227
581404143,692850,48614,328335,227
581532136,820843,17891,346226,227
581880426,1169133,-15728,0,227
582082931,1371638,-21457,0,227
582279027,1567734,-19226,0,227
582510720,1799427,-16157,0,227
582705564,1994271,-23673,0,227
582864177,2152884,-25941,0,227
583015221,2303928,-25722,0,227
583179164,2467871,-23107,0,227
583423293,0,20292,20292,225
583572611,149318,31414,51706,225
583682565,259272,39013,90719,225
583776787,353494,44336,135055,225
583861652,438359,48597,183652,225
583941547,518254,50584,234236,225
584020286,596993,50924,285160,225
584100163,676870,49438,334598,225
584206246,782953,25352,359950,225
584594370,1171077,-15034,0,225
584779314,1356021,-24705,0,225
584949136,1525843,-21592,0,225
585183123,1759830,-14914,0,225
585382440,1959147,-22842,0,225
585543724,2120431,-25779,0,225
585694828,2271535,-25298,0,225
585876068,2452775,-18869,0,225
586123902,0,19685,19685,224
586274599,150697,30728,50413,224
586386885,262983,38497,88910,224
586482341,358439,43805,132715,224
586568776,444874,47591,180306,224
586650666,526764,49166,229472,224
586731876,607974,49219,278691,224
586814906,691004,47438,326129,224
587276196,1152294,-12827,0,224
587515084,1391182,-18510,0,224
587743294,1619392,-16224,0,224
588006745,1882843,-15587,0,224
588193150,2069248,-23165,0,224
588355003,2231101,-25299,0,224
588519056,2395154,-22636,0,224
588760924,2637022,-12943,0,224
588927060,0,6019,6019,221
589095596,168536,28254,34273,221
589216536,289476,35714,69987,221
589317967,390907,41571,111558,221
589408871,481811,45448,157006,221
589494222,567162,47337,204343,221
589578379,651319,47605,251948,221
589664064,737004,45974,297922,221
590122245,1195185,-14295,0,221
590351899,1424839,-17749,0,221
590586425,1659365,-16127,0,221
590825982,1898922,-16500,0,221
591009409,2082349,-23203,0,221
591171058,2243998,-26310,0,221
591317729,2390669,-25779,0,221
591504301,2577241,-18585,0,221
591698831,0,5140,5140,219
591872279,173448,26218,31358,219
592000228,301397,34711,66069,219
592103454,404623,41175,107244,219
592194051,495220,45814,153058,219
592278683,579852,47794,200852,219
592362038,663207,48118,248970,219
592446791,747960,46494,295464,219
592893200,1194369,-13947,0,219
593110868,1412037,-20892,0,219
593297540,1598709,-20889,0,219
593505127,1806296,-17318,0,219
593708863,2010032,-21407,0,219
593891265,2192434,-22696,0,219
594068339,2369508,-22117,0,219
594269763,2570932,-16443,0,219
594430294,0,6229,6229,219
594596935,166641,28360,34589,219
594718799,288505,35344,69933,219
594820506,390212,41633,111566,219
594910322,480028,46264,157830,219
594993490,563196,48751,206581,219
595074959,644665,49239,255820,219
595157494,727200,47769,303589,219
595584217,1153923,-16086,0,219
595789163,1358869,-20624,0,219
595985191,1554897,-20006,0,219
596198191,1767897,-17008,0,219
596389241,1958947,-23406,0,219
596554215,2123921,-25246,0,219
596704076,2273782,-26554,0,219
596872206,2441912,-20608,0,219
597122891,0,19057,19057,219
597280958,158067,28586,47643,219
597403952,281061,35144,82787,219
597506201,383310,41361,124148,219
597596924,474033,45564,169712,219
597681956,559065,47544,217256,219
597765875,642984,47803,265059,219
597851318,728427,45972,311031,219
598266631,1143740,-16157,0,219
598452275,1329384,-22789,0,219
598641333,1518442,-19793,0,219
598866985,1744094,-16069,0,219
599080856,1957965,-20890,0,219
599269528,2146637,-21422,0,219
599445696,2322805,-22278,0,219
599668791,2545900,-15517,0,219
599848084,0,5577,5577,219
600013581,165497,28708,34285,219
600133365,285281,36001,70286,219
600235000,386916,41150,111436,219
600326985,478901,44859,156295,219
600414163,566079,46264,202559,219
600501046,652962,45951,248510,219
600590785,742701,43643,292153,219
600938946,1090862,-18407,0,219
601115264,1267180,-23436,0,219
601306669,1458585,-18846,0,219
601535268,1687184,-15931,0,219
601745156,1897072,-20993,0,219
601914118,2066034,-25664,0,219
602059701,2211617,-27063,0,219
602229371,2381287,-20168,0,219
602521276,0,20544,20544,220
602671217,149941,30436,50980,220
602788540,267264,36396,87376,220
602889507,368231,41459,128835,220
602980213,458937,45587,174422,220
603065541,544265,47355,221777,220
603150011,628735,47368,269145,220
603236409,715133,45448,314593,220
603655997,1134721,-15521,0,220
603861713,1340437,-21147,0,220
604056659,1535383,-19693,0,220
604280478,1759202,-16276,0,220
604476884,1955608,-21102,0,220
604665429,2144153,-21758,0,220
604851759,2330483,-20050,0,220
605092481,2571205,-15708,0,220
605393030,0,27099,27099,217
605518835,125805,34422,61521,217
605623854,230824,40120,101641,217
605717888,324858,44037,145678,217
605806291,413261,45768,191446,217
605893444,500414,46040,237486,217
605982473,589443,44068,281554,217
606425161,1032131,-15098,0,217
606623910,1230880,-22959,0,217
606799491,1406461,-21338,0,217
607019581,1626551,-16185,0,217
607221940,1828910,-21618,0,217
607402901,2009871,-22971,0,217
607574347,2181317,-22563,0,217
607797463,2404433,-15252,0,217
607959275,0,6180,6180,221
608127631,168356,28051,34231,221
608251612,292337,34636,68867,221
608356758,397483,40168,109035,221
608450387,491112,44338,153373,221
608537767,578492,46322,199695,221
608623846,664571,46593,246288,221
608712121,752846,44428,290716,221
609183484,1224209,-13288,0,221
609406585,1447310,-19729,0,221
609615106,1655831,-17709,0,221
609857823,1898548,-15576,0,221
610051267,2091992,-21350,0,221
610242990,2283715,-21346,0,221
610417220,2457945,-25376,0,221
610590094,2630819,-19131,0,221
610771341,0,5517,5517,219
610946955,175614,25896,31413,219
611074964,303623,34445,65858,219
611179228,407887,40663,106521,219
611271219,499878,45105,151626,219
611357139,585798,47094,198720,219
611441876,670535,47292,246012,219
611528271,756930,45448,291460,219
612009460,1238119,-13740,0,219
612212745,1441404,-20359,0,219
612442674,1671333,-14655,0,219
612707083,1935742,-17294,0,219
612887735,2116394,-21797,0,219
613053928,2282587,-25364,0,219
613205011,2433670,-25335,0,219
613405450,2634109,-15419,0,219
613583684,0,5610,5610,217
613774605,190921,24791,30401,217
613908407,324723,32908,63309,217
614017374,433690,38895,102204,217
614113654,529970,42970,145174,217
614204097,620413,44730,189904,217
614294223,710539,44206,234110,217
614387860,804176,41628,275738,217
614754262,1170578,-15977,0,217
614945225,1361541,-22308,0,217
615143253,1559569,-18365,0,217
615405204,1821520,-14366,0,217
615605116,2021432,-19943,0,217
615795458,2211774,-21930,0,217
615983749,2400065,-19368,0,217
616245023,2661339,-13877,0,217
616559955,0,24758,24758,213
616701435,141480,30509,55267,213
616816398,256443,37346,92613,213
616914431,354476,42960,135573,213
617003029,443074,46000,181573,213
617089203,529248,46554,228127,213
617177019,617064,44760,272887,213
617631358,1071403,-14950,0,213
617836999,1277044,-20233,0,213
618105132,1545177,-11937,0,213
618390947,1830992,-16636,0,213
618580916,2020961,-21807,0,213
618744114,2184159,-25572,0,213
618908640,2348685,-22205,0,213
619121617,2561662,-15293,0,213
619342676,0,4523,4523,213
619527477,184801,24479,29002,213
619666768,324092,31990,60992,213
619777359,434683,38463,99455,213
619873867,531191,43177,142632,213
619963845,621169,45026,187658,213
620052730,710054,44935,232593,213
620144017,801341,43014,275607,213
620487518,1144842,-15488,0,213
620671755,1329079,-21675,0,213
620860027,1517351,-20986,0,213
621063837,1721161,-17957,0,213
621268643,1925967,-19899,0,213
621457924,2115248,-22632,0,213
621628428,2285752,-22614,0,213
621833249,2490573,-16617,0,213
622057717,0,14768,14768,214
622225568,167851,27214,41982,214
622353460,295743,33740,75722,214
622460549,402832,39481,115203,214
622556130,498413,43211,158414,214
622646466,588749,44642,203056,214
622736744,679027,44228,247284,214
622829577,771860,42367,289651,214
622964118,906401,20178,309829,214
623369472,1311755,-15337,0,214
623558182,1500465,-22498,0,214
623739786,1682069,-20437,0,214
623981267,1923550,-15112,0,214
624164618,2106901,-23317,0,214
624322408,2264691,-26081,0,214
624474822,2417105,-24718,0,214
624648770,2591053,-22353,0,214
624917973,0,19313,19313,212
625075170,157197,29041,48354,212
625195186,277213,35976,84330,212
625296142,378169,41680,126010,212
625385886,467913,46262,172272,212
625469555,551582,48414,220686,212
625551962,633989,48562,269248,212
625635628,717655,47120,316368,212
625781266,863293,15102,331470,212
626225082,1307109,-11191,0,212
626450217,1532244,-22044,0,212
626613182,1695209,-24125,0,212
626808567,1890594,-18940,0,212
627020773,2102800,-18505,0,212
627224709,2306736,-19868,0,212
627530073,2612100,-9911,0,212
